Average,,,,,
e1 [1] - engr.,e2 [1] - engr.,gamma [1] - engr.,Time_0,Time,Pressure
2.28E-18,-2.28E-18,0.0812912,284.2824,0,102076.61
5.15E-05,-4.20E-05,0.148996,289.2823,4.9999,102315.5671
3.98E-05,-5.30E-05,0.279095,294.2827,10.0003,102351.1083
7.21E-05,-2.05E-05,0.191727,299.2819,14.9995,102307.5267
5.68E-05,-5.35E-05,0.0896402,304.2824,20,102236.46
0.00366406,-0.000698419,0.0313559,309.2824,25,102168.32
0.00310074,-0.000619038,0.0456769,314.2824,30,102098.88
0.00260335,-0.000543808,0.0543558,319.2823,34.9999,102039.0309
0.0022123,-0.000450395,0.0665003,324.2826,40.0002,101989.1881
0.00190003,-0.000414819,0.079771,329.2825,45.0001,101949.8392
0.00161399,-0.000355143,0.0895544,334.283,50.0006,101918.1263
0.00138042,-0.000332556,0.0966898,339.2823,54.9999,101892.9705
0.00122174,-0.000281944,0.107885,344.283,60.0006,101926.8251
0.00104824,-0.000257568,0.123095,349.2825,65.0001,102259.796
0.000917195,-0.000236099,0.130023,354.2831,70.0007,102425.7638
0.000857278,-0.000170039,0.140074,359.2832,75.0008,102423.3158
0.000795407,-0.000121373,0.154217,364.2828,80.0004,102367.163
0.000721196,-8.44E-05,0.172545,369.2827,85.0003,102283.5642
0.00407247,-0.00068777,0.0328617,374.2819,89.9995,102198.5292
0.00343327,-0.000604997,0.0440802,379.2828,95.0004,102123.0538
0.00290176,-0.000537603,0.0536907,384.2831,100.0007,102056.8709
0.00248568,-0.00049001,0.0655306,389.2826,105.0002,102002.7178
0.00210687,-0.000473354,0.0725841,394.2827,110.0003,101958.8575
0.00182883,-0.000362653,0.0817266,399.2829,115.0005,102184.5902
0.00158171,-0.0003448,0.101181,404.283,120.0006,102280.8513
0.00139107,-0.000283059,0.10526,409.2826,125.0002,102270.5679
0.00126617,-0.000231567,0.121153,414.2824,130,102215.42
0.00110143,-0.000191317,0.125695,419.2827,135.0003,102146.1455
0.00320426,-0.000592289,0.0467109,424.2828,140.0004,102081.4146
0.0027131,-0.00055208,0.0608838,429.2821,144.9997,102159.4635
0.0022954,-0.000477518,0.0701112,434.2822,149.9998,102342.5559
0.00197481,-0.000426465,0.08271,439.2823,154.9999,102353.5006
0.00171247,-0.00035824,0.0953905,444.2825,160.0001,102303.5489
0.00152438,-0.000256246,0.100483,449.2828,165.0004,102226.1066
0.00378197,-0.000602883,0.0388262,454.2824,170,102158.46
0.00325162,-0.000522873,0.0511116,459.2828,175.0004,102089.5043
0.0027537,-0.000480782,0.0622173,464.2826,180.0002,102161.4032
0.00237586,-0.000388468,0.0723072,469.283,185.0006,102347.1152
0.00207447,-0.000348782,0.0815784,474.2822,189.9998,102357.5211
0.00181016,-0.00026601,0.0947988,479.283,195.0006,102302.82
0.00158993,-0.000236378,0.109241,484.2828,200.0004,102226.383
0.00385788,-0.000588254,0.0382356,489.2825,205.0001,102149.4722
0.00327353,-0.00055091,0.0519545,494.282,209.9996,102404.2267
0.00282753,-0.00045107,0.0594449,499.2824,215,102446.03
0.00242304,-0.000388012,0.0716671,504.2824,220,102398.5
0.00210592,-0.000362253,0.0818498,509.2824,225,102315.71
0.00183963,-0.000304324,0.0885544,514.2823,229.9999,102227.402
0.00385853,-0.000592375,0.0406131,519.2828,235.0004,102146.3861
0.00326504,-0.000551599,0.0518919,524.2824,240,102392.11
0.00278267,-0.000492544,0.0606322,529.2828,245.0004,102434.8033
0.00240669,-0.000409073,0.069632,534.2827,250.0003,102385.7675
0.00209786,-0.000333249,0.08299,539.2823,254.9999,102303.8019
0.00185592,-0.000291012,0.0947808,544.2823,259.9999,102257.8878
0.00389135,-0.00060628,0.039513,549.2828,265.0004,102491.7761
0.00330963,-0.000520274,0.0510151,554.2822,269.9998,102506.5714
0.00285418,-0.000458496,0.060795,559.2823,274.9999,102437.6818
0.00245783,-0.000394492,0.0712876,564.2827,280.0003,102343.3436
0.00366438,-0.000561714,0.0453553,569.2825,285.0001,102247.7258
0.00412061,-0.000595293,0.0356598,574.283,290.0006,102485.5068
0.00353041,-0.000532026,0.0492537,579.2823,294.9999,102516.2005
0.00302931,-0.000447862,0.0576882,584.2822,299.9998,102460.8918
0.00260407,-0.000416225,0.0690605,589.2823,304.9999,102369.8211
0.00228453,-0.000366465,0.07986,594.2828,310.0004,102342.7444
0.00431483,-0.000611687,0.0335545,599.2829,315.0005,102585.7776
0.00370598,-0.000534174,0.0456884,604.2818,319.9994,102633.8619
0.0032127,-0.000478445,0.0570883,609.2829,325.0005,102578.7096
0.00280157,-0.000408344,0.0664402,614.2825,330.0001,102475.9175
0.00240794,-0.000349129,0.0737422,619.2828,335.0004,102365.9704
0.00508209,-0.000680664,0.0239348,624.2817,339.9993,102535.0193
0.00436188,-0.000638366,0.0333158,629.2821,344.9997,102593.1204
0.00378468,-0.000537531,0.0429792,634.2829,350.0005,102533.0897
0.00327174,-0.000479819,0.0520842,639.2828,355.0004,102433.2353
0.00285447,-0.000423303,0.0619938,644.2829,360.0005,102328.6703
0.0049168,-0.000715779,0.0255768,649.283,365.0006,102769.7624
0.00423414,-0.000637603,0.035386,654.2828,370.0004,102950.132
0.00368125,-0.000558516,0.0459353,659.2826,375.0002,102916.8956
0.00318231,-0.00048858,0.05428,664.2827,380.0003,102797.9808
0.00279139,-0.000433754,0.0665904,669.2823,384.9999,102654.4433
0.00740521,-0.000970148,0.004169,674.2831,390.0007,102513.4691
0.00642619,-0.000887597,0.0117739,679.2821,394.9997,102540.2351
0.00557991,-0.000776159,0.0191026,684.2823,399.9999,102666.4692
0.00486239,-0.000697037,0.0268466,689.2824,405,102628.25
0.00423347,-0.000617996,0.0356497,694.283,410.0006,102539.9854
0.00370662,-0.000538794,0.0451758,699.2825,415.0001,102461.118
0.00585084,-0.000806315,0.0170597,704.2819,419.9995,102671.59
0.00519203,-0.000723642,0.0236879,709.2827,425.0003,102662.9653
0.00453687,-0.000648393,0.0320213,714.283,430.0006,102571.0551
0.0039728,-0.000539468,0.0407692,719.283,435.0006,102516.3158
0.00388997,-0.000568258,0.0421632,724.2822,439.9998,102768.2875
0.00539784,-0.000771329,0.0206179,729.2826,445.0002,102862.9189
0.00473656,-0.000642728,0.0324001,734.2828,450.0004,102798.6252
0.00411992,-0.00061367,0.039207,739.2832,455.0008,102691.0858
0.00360988,-0.000535614,0.044715,744.2824,460,102554.47
0.00678249,-0.000907428,0.00848558,749.2829,465.0005,102691.1205
0.00589825,-0.000827913,0.0165178,754.2831,470.0007,102733.7125
0.00519309,-0.000724445,0.0247758,759.2828,475.0004,102656.8203
0.00453232,-0.000609133,0.0317936,764.2823,479.9999,102539.5527
0.00394902,-0.000570021,0.043027,769.2824,485,102744.5
0.00597015,-0.000827679,0.0165462,774.2827,490.0003,102745.6378
0.00524241,-0.000705261,0.024276,779.2819,494.9995,102651.6426
0.00457842,-0.000662608,0.0323261,784.2827,500.0003,102658.3013
0.00404357,-0.000547254,0.038577,789.2825,505.0001,102931.4916
0.00591975,-0.00084349,0.0166399,794.2825,510.0001,102974.0294
0.00518895,-0.00073194,0.0236555,799.2824,515,102894.81
0.00455406,-0.000638395,0.0338396,804.2825,520.0001,102757.0267
0.00535163,-0.000730206,0.0237566,809.2828,525.0004,102653.3481
0.00727789,-0.000951112,0.00544458,814.2827,530.0003,102825.5011
0.00638234,-0.000839584,0.0131801,819.2827,535.0003,102791.0137
0.00557962,-0.000770689,0.021572,824.2826,540.0002,102679.9142
0.00490216,-0.000688072,0.028607,829.2828,545.0004,102829.9046
0.0065494,-0.000887062,0.0120777,834.2825,550.0001,102850.3542
0.00614195,-0.000835802,0.015998,839.2818,554.9994,102766.4676
0.00539024,-0.00075873,0.0232742,844.2831,560.0007,102635.7012
0.00475381,-0.000652286,0.0314388,849.2828,565.0004,102815.7155
0.00665392,-0.000887677,0.0112679,854.2822,569.9998,102812.9425
0.00587173,-0.000787375,0.0185809,859.283,575.0006,102767.593
0.00510851,-0.000715325,0.0236581,864.2832,580.0008,102941.8917
0.00452914,-0.000618825,0.0346628,869.2832,585.0008,102897.6211
0.00641988,-0.00084691,0.012755,874.283,590.0006,102774.1606
0.00567107,-0.00073778,0.0215067,879.2824,595,103000.25
0.0069983,-0.000888817,0.00902541,884.2823,599.9999,103234.9388
0.00671495,-0.000878804,0.0117389,889.2827,605.0003,103222.8431
0.00589142,-0.000799338,0.0181188,894.2827,610.0003,103090.7393
0.00516204,-0.000722106,0.0261976,899.2825,615.0001,102919.876
0.00977737,-0.00121474,-0.0055832,904.2821,619.9997,102746.3614
0.00862682,-0.0011668,4.16E-05,909.2825,625.0001,102899.5442
0.00762557,-0.00103393,0.00592308,914.2829,630.0005,102882.3798
0.00669518,-0.000932021,0.0121452,919.2827,635.0003,102995.9162
0.00591214,-0.00083123,0.0191539,924.2828,640.0004,103041.6075
0.00522968,-0.000760402,0.0252489,929.2829,645.0005,102957.8152
0.00709075,-0.000967432,0.0081001,934.2826,650.0002,102846.2615
0.0062792,-0.000877889,0.0152002,939.2829,655.0005,103277.3389
0.00812227,-0.00104951,0.00286801,944.2832,660.0008,103338.7383
0.00718344,-0.000984864,0.0083871,949.2823,664.9999,103228.2733
0.00635512,-0.00086146,0.0147796,954.2825,670.0001,103056.7759
0.00741428,-0.000954031,0.00762236,959.2825,675.0001,102872.956
0.00986642,-0.00129172,-0.00451412,964.2829,680.0005,103175.2131
0.00873679,-0.00116059,0.000214368,969.2831,685.0007,103334.47
0.0077002,-0.00105684,0.00532705,974.2828,690.0004,103277.6784
0.0068127,-0.000947342,0.0115837,979.283,695.0006,103126.0266
0.00605649,-0.000868207,0.0179557,984.2826,700.0002,102945.3033
0.0104931,-0.00133749,-0.00652074,989.2825,705.0001,103082.7803
0.00931556,-0.00125346,-0.00290278,994.2828,710.0004,103037.6999
0.00823931,-0.0011369,0.0039416,999.2823,714.9999,102968.4569
0.00727434,-0.00106577,0.00915304,1004.2823,719.9999,103108.7994
0.00649418,-0.000923396,0.0146784,1009.2823,724.9999,103045.7269
0.00825551,-0.00113601,0.00269731,1014.2823,729.9999,102980.3252
0.00733569,-0.00105792,0.0068439,1019.2826,735.0002,103105.0689
0.00810347,-0.00106392,0.00524478,1024.2824,740,103044.5
0.00821883,-0.00111564,0.00244006,1029.2829,745.0005,102948.2458
0.00727741,-0.00106085,0.00845146,1034.2823,749.9999,103368.8756
0.00795011,-0.00108517,0.00443989,1039.2824,755,103416.6
0.00822178,-0.00110233,0.00321235,1044.2824,760,103297.13
0.00730118,-0.00104012,0.00866812,1049.2823,764.9999,103117.6742
0.00790861,-0.00107669,0.00453966,1054.282,769.9996,103150.502
0.0106688,-0.00142282,-0.00713931,1059.283,775.0006,103441.2223
0.00948097,-0.00129074,-0.00311469,1064.2829,780.0005,103435.6718
0.00842194,-0.00115928,0.00252044,1069.282,784.9996,103300.9752
0.00748323,-0.00106216,0.0081876,1074.2826,790.0002,103113.1813
0.0104804,-0.00133387,-0.00654997,1079.2826,795.0002,103232.192
0.0107513,-0.0014294,-0.00768582,1084.2829,800.0005,103481.7224
0.00959589,-0.00128916,-0.00330412,1089.2829,805.0005,103431.4252
0.00852263,-0.00117598,0.00242435,1094.2822,809.9998,103269.7181
0.00759866,-0.00106587,0.00658198,1099.2829,815.0005,103153.3936
0.0119582,-0.00151799,-0.010396,1104.2819,819.9995,103247.5901
0.01077,-0.0014147,-0.00710369,1109.2827,825.0003,103164.2707
0.00959093,-0.00130498,-0.00254595,1114.2825,830.0001,103270.3614
0.00853563,-0.00119536,0.00237148,1119.2821,834.9997,103255.0756
0.00877898,-0.0011748,0.00129053,1124.2832,840.0008,103117.8096
0.00927906,-0.00125268,-0.00150319,1129.2827,845.0003,103494.3937
0.00831196,-0.00114681,0.00332493,1134.2829,850.0005,103569.6898
0.0099654,-0.00134269,-0.00396065,1139.2826,855.0002,103458.2063
0.00893538,-0.00121701,0.00106247,1144.2829,860.0005,103268.1487
0.00799806,-0.00110537,0.0040105,1149.2828,865.0004,103115.1049
0.0121899,-0.00156556,-0.0113085,1154.2821,869.9997,103500.9532
0.0109029,-0.00146009,-0.00663733,1159.2819,874.9995,103535.3062
0.00968765,-0.00135916,-0.00234013,1164.283,880.0006,103402.1654
0.0086631,-0.00120943,0.00172225,1169.283,885.0006,103210.5419
0.00875841,-0.00117537,0.00180027,1174.2823,889.9999,103561.5736
0.0119136,-0.00156146,-0.0097546,1179.283,895.0006,103628.9398
0.0106357,-0.00144827,-0.00619999,1184.2823,899.9999,103503.6537
0.00947574,-0.00131719,-0.00201045,1189.2824,905,103307.42
0.00849586,-0.00118271,0.00303273,1194.283,910.0006,103419.7376
0.0127028,-0.00165344,-0.0118312,1199.2829,915.0005,103651.2113
0.0113618,-0.00153932,-0.00787189,1204.2824,920,103589.53
0.0101876,-0.00137013,-0.0040857,1209.2827,925.0003,103414.7564
0.00907035,-0.00126901,0.000116936,1214.2824,930,103206.5
0.0133475,-0.00170054,-0.0132056,1219.282,934.9996,103543.2039
0.0121151,-0.00162281,-0.0101216,1224.2823,939.9999,103620.4508
0.0108322,-0.0014985,-0.00593243,1229.2828,945.0004,103496.6022
0.00968858,-0.00137207,-0.00171941,1234.2828,950.0004,103378.8201
0.00872104,-0.00122287,0.00222711,1239.2822,954.9998,103451.7814
0.0129147,-0.00170866,-0.0119499,1244.2828,960.0004,103353.2456
0.0115988,-0.00159828,-0.00923264,1249.2826,965.0002,103608.7032
0.010383,-0.00142902,-0.00453682,1254.2823,969.9999,103750.5998
0.00999967,-0.00134424,-0.00286186,1259.282,974.9996,103647.5939
0.0108947,-0.0014461,-0.00675874,1264.2826,980.0002,103452.2302
0.00976917,-0.0013644,-0.00199532,1269.2824,985,103434.9
0.0139346,-0.00181617,-0.014016,1274.2828,990.0004,103712.1122
0.0125488,-0.00172003,-0.0103741,1279.2823,994.9999,103665.2426
0.0112742,-0.00156049,-0.0065418,1284.2829,1000.0005,103513.9575
0.0100882,-0.00143493,-0.00344728,1289.2826,1005.0002,103606.8372
0.012044,-0.00155305,-0.0092801,1294.283,1010.0006,103811.0486
0.0130884,-0.00174344,-0.0116197,1299.2828,1015.0004,103729.3453
0.0117389,-0.00161464,-0.00822519,1304.2829,1020.0005,103538.4555
0.0105656,-0.00145117,-0.00443938,1309.2821,1024.9997,103645.4762
0.0146171,-0.00184274,-0.0142913,1314.282,1029.9996,103825.4971
0.0133245,-0.00180093,-0.0119114,1319.2824,1035,103734.03
0.0119792,-0.00166962,-0.0083304,1324.2832,1040.0008,103549.8011
0.0107774,-0.00149657,-0.00546838,1329.2822,1044.9998,103481.1507
0.0148183,-0.00190293,-0.0150064,1334.2829,1050.0005,103787.0518
0.013529,-0.00182474,-0.0121465,1339.2831,1055.0007,103744.8679
0.0121555,-0.00169966,-0.00928528,1344.2829,1060.0005,103569.4466
0.0109207,-0.00154921,-0.00564875,1349.283,1065.0006,103793.3828
0.0125456,-0.00167235,-0.0108905,1354.2822,1069.9998,103894.4209
0.0137428,-0.00189114,-0.0128019,1359.2827,1075.0003,103766.8171
0.0123834,-0.0017508,-0.0089112,1364.2818,1079.9994,103555.3101
0.0111825,-0.00159043,-0.0057454,1369.2827,1085.0003,103684.7219
0.0152408,-0.00199444,-0.0154285,1374.2829,1090.0005,103878.9589
0.0137697,-0.00191343,-0.0128524,1379.2823,1094.9999,103778.2232
0.0124229,-0.00174899,-0.00914366,1384.2824,1100,103601.82
0.0111919,-0.00158833,-0.00551364,1389.2822,1104.9998,103677.6292
0.0152409,-0.00200346,-0.0151335,1394.2825,1110.0001,103868.6296
0.0138298,-0.00189539,-0.0123046,1399.2831,1115.0007,103778.2733
0.0124862,-0.00172971,-0.00934163,1404.2825,1120.0001,103582.045
0.0112016,-0.00163959,-0.00708175,1409.2821,1124.9997,103819.4542
0.0153044,-0.00203503,-0.0150407,1414.2829,1130.0005,103933.023
0.0138639,-0.00191406,-0.0123543,1419.283,1135.0006,103810.6247
0.0125115,-0.0017286,-0.00911332,1424.2826,1140.0002,103667.5745
0.0113121,-0.00159827,-0.00565787,1429.2825,1145.0001,103712.159
0.0156082,-0.00205503,-0.015542,1434.2825,1150.0001,103706.2938
0.0141167,-0.00192636,-0.0127916,1439.2823,1154.9999,103752.1908
0.0127437,-0.00175863,-0.00943923,1444.283,1160.0006,103691.9159
0.0135453,-0.00178871,-0.0119898,1449.2823,1164.9999,103992.186
0.0129104,-0.00175405,-0.0102684,1454.2829,1170.0005,103978.433
0.014279,-0.00187932,-0.0127939,1459.2826,1175.0002,103799.8201
0.0129835,-0.00175413,-0.0101547,1464.283,1180.0006,103629.9807
0.0136914,-0.00181839,-0.0118919,1469.282,1184.9996,103934.387
0.0155427,-0.00209034,-0.0150119,1474.283,1190.0006,103910.2406
0.0140485,-0.00194623,-0.0128008,1479.2821,1194.9997,103752.3969
0.0126943,-0.00176245,-0.00973322,1484.2823,1199.9999,103937.5963
0.0133393,-0.00180376,-0.0111624,1489.2825,1205.0001,104035.5283
0.0152962,-0.00207686,-0.0142449,1494.2827,1210.0003,103899.3066
0.0138513,-0.00192576,-0.0114181,1499.2822,1214.9998,103775.5359
0.0125443,-0.00175218,-0.00881432,1504.2822,1219.9998,104040.3738
0.0164021,-0.0022048,-0.0162736,1509.2819,1224.9995,104004.4233
0.0149055,-0.00205705,-0.0140311,1514.2829,1230.0005,103815.9273
0.0134741,-0.00187631,-0.0109987,1519.2831,1235.0007,103927.1254
0.0139514,-0.00183971,-0.0124214,1524.2827,1240.0003,104062.1479
0.0160132,-0.00214837,-0.0150665,1529.2828,1245.0004,103958.1234
0.0145079,-0.00199107,-0.0127689,1534.2827,1250.0003,103900.722
0.0131039,-0.00184845,-0.00985328,1539.2826,1255.0002,104154.6901
0.0169966,-0.0022341,-0.0171927,1544.2829,1260.0005,104073.6101
0.015512,-0.00211965,-0.0144642,1549.2829,1265.0005,103863.1629
0.0140523,-0.00195882,-0.0126872,1554.2823,1269.9999,104041.9493
0.0168032,-0.00216865,-0.0161353,1559.283,1275.0006,104115.904
0.0164121,-0.00220467,-0.0154514,1564.2827,1280.0003,103960.8292
0.01486,-0.00207121,-0.013187,1569.2825,1285.0001,103872.2623
0.0134584,-0.00191724,-0.00980546,1574.2828,1290.0004,103864.2682
0.0173255,-0.00230787,-0.0168114,1579.2817,1294.9993,103942.5572
0.0157553,-0.00219028,-0.014059,1584.2819,1299.9995,103870.6558
0.0142613,-0.00203946,-0.012387,1589.2825,1305.0001,103931.4999
0.0155407,-0.00211397,-0.0148266,1594.2828,1310.0004,103986.071
0.0142403,-0.00200401,-0.0119797,1599.2825,1315.0001,104225.4107
0.0155031,-0.00212069,-0.0142286,1604.2825,1320.0001,104175.3583
0.0141502,-0.00195298,-0.0117282,1609.2831,1325.0007,103997.763
0.01539,-0.00204983,-0.0139715,1614.2829,1330.0005,104156.6683
0.0153512,-0.00208183,-0.0137432,1619.282,1334.9996,104224.6449
0.0174668,-0.00235754,-0.0166435,1624.2822,1339.9998,104066.4792
0.0158661,-0.0021845,-0.0140741,1629.283,1345.0006,104004.5274
0.0144123,-0.00201418,-0.0112966,1634.2831,1350.0007,104224.0273
0.0181704,-0.00239486,-0.0173256,1639.283,1355.0006,104127.1646
0.0165593,-0.00229442,-0.0152786,1644.2821,1359.9997,103908.456
0.0150157,-0.00213502,-0.0128537,1649.2829,1365.0005,104191.9764
0.0175238,-0.00232235,-0.0165293,1654.2828,1370.0004,104190.1686
0.0172918,-0.00237086,-0.0160301,1659.2822,1374.9998,104082.8262
0.015734,-0.00218776,-0.0140478,1664.2828,1380.0004,104344.3342
0.0143296,-0.00199014,-0.0111547,1669.2824,1385,104291.55
0.0179972,-0.00244078,-0.0164612,1674.2824,1390,104081.41
0.0164093,-0.00230007,-0.014964,1679.2824,1395,104251.18
0.0162207,-0.0022292,-0.0142987,1684.2825,1400.0001,104291.8788
0.0185389,-0.00251744,-0.0172722,1689.2822,1404.9998,104120.9797
0.0168736,-0.00233679,-0.0152669,1694.2824,1410,104179.03
0.0153325,-0.00219462,-0.0128534,1699.2828,1415.0004,104325.0345
0.0190766,-0.00254629,-0.0173923,1704.2819,1419.9995,104194.021
0.0174121,-0.0024278,-0.0162286,1709.282,1424.9996,104114.2219
0.0158699,-0.0022362,-0.0139329,1714.2827,1430.0003,104336.3869
0.0195544,-0.00257936,-0.0177598,1719.2828,1435.0004,104232.2838
0.017961,-0.00246194,-0.0164411,1724.2824,1440,104196.41
0.0163543,-0.00230287,-0.0141652,1729.2832,1445.0008,104396.298
0.018409,-0.00245995,-0.0170346,1734.2826,1450.0002,104282.3456
0.0184576,-0.00252895,-0.0171294,1739.2827,1455.0003,104103.0394
0.0168177,-0.00236404,-0.0148177,1744.2823,1459.9999,104378.8789
0.0187914,-0.00251839,-0.0171837,1749.2826,1465.0002,104320.6923
0.0188584,-0.0025924,-0.016714,1754.2824,1470,104107.86
0.017191,-0.00241931,-0.0148604,1759.2824,1475,104342.985
0.0166686,-0.00232046,-0.0145241,1764.283,1480.0006,104337.3597
0.0192698,-0.00260216,-0.0167679,1769.2824,1485,104141
0.0176034,-0.00244499,-0.0152302,1774.2831,1490.0007,104181.1929
0.0160574,-0.00225108,-0.0131845,1779.2827,1495.0003,104231.3317
0.0196662,-0.00266587,-0.0174641,1784.2828,1500.0004,104330.9139
0.0179985,-0.00250298,-0.0162507,1789.2829,1505.0005,104275.2208
0.0164288,-0.00230416,-0.0141214,1794.2822,1509.9998,104307.9205
0.0175649,-0.00241117,-0.015767,1799.2829,1515.0005,104258.7899
0.0186437,-0.00252361,-0.0165423,1804.2829,1520.0005,104292.7734
0.0190589,-0.00259517,-0.0172778,1809.2831,1525.0007,104322.7423
0.0174777,-0.00244431,-0.0152743,1814.2828,1530.0004,104259.3944
0.0185312,-0.00252633,-0.0160347,1819.2826,1535.0002,104443.1691
0.0183141,-0.00245503,-0.0159128,1824.2821,1539.9997,104498.5047
0.0179769,-0.00247711,-0.0158177,1829.2828,1545.0004,104323.4886
0.018991,-0.00257179,-0.0169977,1834.2829,1550.0005,104368.1799
0.0174275,-0.00243833,-0.0151054,1839.2824,1555,104463.265
0.0209913,-0.00280922,-0.0182708,1844.2826,1560.0002,104373.4476
0.019242,-0.00266233,-0.0168394,1849.282,1564.9996,104482.6307
0.0176009,-0.00245127,-0.015037,1854.2825,1570.0001,104405.4162
0.0211261,-0.0027968,-0.0187408,1859.2818,1574.9994,104510.3575
0.0194586,-0.00269865,-0.0169938,1864.2828,1580.0004,104596.1958
0.0178013,-0.00252342,-0.0154307,1869.2829,1585.0005,104453.3944
0.0201477,-0.00274921,-0.0175538,1874.2817,1589.9993,104380.817
0.018498,-0.00255636,-0.0159251,1879.2831,1595.0007,104429.8932
0.0219832,-0.00292974,-0.0185594,1884.2829,1600.0005,104665.9572
0.0202418,-0.00277929,-0.0179226,1889.2826,1605.0002,104553.6206
0.0185032,-0.00259958,-0.0158407,1894.2826,1610.0002,104309.2813
0.0195351,-0.00264998,-0.0167738,1899.2828,1615.0004,104536.0253
0.0224503,-0.00293359,-0.0191049,1904.283,1620.0006,104486.839
0.0212739,-0.00292148,-0.0179532,1909.2826,1625.0002,104490.9512
0.0195121,-0.0027312,-0.0166444,1914.2828,1630.0004,104747.4234
0.0178598,-0.00251588,-0.0147447,1919.282,1634.9996,104690.4535
0.0213456,-0.00289435,-0.018107,1924.2827,1640.0003,104493.1122
0.019567,-0.00274707,-0.0167638,1929.2823,1644.9999,104602.0273
0.0199042,-0.00268581,-0.0172154,1934.2828,1650.0004,104621.5574
0.0231453,-0.00312307,-0.0188129,1939.2822,1654.9998,104426.5905
0.0212471,-0.00294363,-0.0178764,1944.2827,1660.0003,104652.1745
0.0194307,-0.00275774,-0.0162487,1949.2831,1665.0007,104606.2785
0.0229144,-0.00306312,-0.0187186,1954.2826,1670.0002,104449.0573
0.0211223,-0.00292865,-0.0174241,1959.282,1674.9996,104685.4145
0.0193539,-0.00274245,-0.0164399,1964.2827,1680.0003,104621.7581
0.0228083,-0.00305905,-0.0185179,1969.2824,1685,104400.04
0.0209933,-0.00290539,-0.0169021,1974.2825,1690.0001,104595.7674
0.0194869,-0.00273213,-0.0159402,1979.2826,1695.0002,104592.9527
0.0225939,-0.00309266,-0.0183634,1984.2825,1700.0001,104659.3562
0.0208175,-0.00289377,-0.0169499,1989.2826,1705.0002,104762.7156
0.0191626,-0.00272098,-0.015614,1994.2826,1710.0002,104594.3792
0.0225147,-0.00307931,-0.0182208,1999.2822,1714.9998,104730.0788
0.0206927,-0.00291684,-0.0172079,2004.2822,1719.9998,104732.8649
0.0240435,-0.00324053,-0.0191489,2009.2826,1725.0002,104525.7726
0.022149,-0.00312062,-0.0178617,2014.2828,1730.0004,104749.3029
0.0203869,-0.00288668,-0.0166049,2019.2832,1735.0008,104684.8938
0.0237589,-0.00321434,-0.0184735,2024.2824,1740,104512.33
0.021882,-0.00305684,-0.01749,2029.2829,1745.0005,104749.1404
0.0200978,-0.00286721,-0.0162548,2034.2823,1749.9999,104656.6739
0.0234122,-0.00321454,-0.0189413,2039.2823,1754.9999,104732.8186
0.021586,-0.00301635,-0.0172709,2044.2822,1759.9998,104623.7482
0.0221206,-0.00299272,-0.0178516,2049.2823,1764.9999,104872.4768
0.0231277,-0.00321078,-0.0182433,2054.2828,1770.0004,104810.7617
0.0213321,-0.00297067,-0.0168492,2059.2828,1775.0004,104632.3531
0.0232107,-0.00314094,-0.0180895,2064.2832,1780.0008,104853.9184
0.0213927,-0.00299151,-0.0166167,2069.282,1784.9996,104749.4065
0.0246797,-0.0033401,-0.0188876,2074.2826,1790.0002,104787.5005
0.0227527,-0.003198,-0.0177424,2079.2822,1794.9998,104857.993
0.0220543,-0.00304494,-0.0171996,2084.2829,1800.0005,104672.8817
0.0241782,-0.00331101,-0.0185155,2089.2828,1805.0004,104805.3961
0.0222915,-0.00312569,-0.0174884,2094.2826,1810.0002,104792.5642
0.025521,-0.00341408,-0.0191042,2099.2824,1815,104757.26
0.0236767,-0.00330171,-0.0181148,2104.2826,1820.0002,104990.655
0.0218062,-0.00309376,-0.0170761,2109.2825,1825.0001,104973.067
0.0251108,-0.00338796,-0.0187649,2114.2829,1830.0005,104751.2848
0.0232553,-0.00321858,-0.0179497,2119.2828,1835.0004,104856.5026
0.0223853,-0.00311837,-0.0174132,2124.2831,1840.0007,104859.8756
0.0264555,-0.00361048,-0.0188672,2129.2825,1845.0001,104786.6486
0.0244441,-0.00340867,-0.0183647,2134.283,1850.0006,104957.9108
0.0224719,-0.00319808,-0.0171578,2139.283,1855.0006,104808.2566
0.0257726,-0.0035074,-0.0189778,2144.282,1859.9996,104868.4826
0.0238649,-0.00331654,-0.0177332,2149.2828,1865.0004,105133.5479
0.0259704,-0.00346466,-0.0188033,2154.2826,1870.0002,105016.9551
0.0251823,-0.0034488,-0.0183601,2159.2817,1874.9993,104752.9054
0.0232395,-0.003229,-0.0172592,2164.2828,1880.0004,104927.1151
0.0278341,-0.0037111,-0.0193469,2169.283,1885.0006,105109.7616
0.0271025,-0.00371587,-0.0188803,2174.2824,1890,104964.53
0.0249556,-0.00357204,-0.0184164,2179.282,1894.9996,104836.3694
0.0230613,-0.00326878,-0.0169779,2184.2819,1899.9995,105192.1138
0.0288747,-0.00385874,-0.019089,2189.2828,1905.0004,105125.0621
0.0268524,-0.0037383,-0.0185681,2194.2823,1909.9999,104878.8863
0.024803,-0.00349146,-0.0178574,2199.2826,1915.0002,104972.1824
0.0267214,-0.00357007,-0.0187188,2204.2826,1920.0002,104935.5362
0.0286096,-0.00389872,-0.0190952,2209.2831,1925.0007,104861.0309
0.0264743,-0.00370424,-0.0181574,2214.283,1930.0006,105033.0708
0.0244313,-0.00343755,-0.0176381,2219.2824,1935,104883.28
0.027655,-0.00374331,-0.0187897,2224.2824,1940,104992.86
0.025692,-0.00357177,-0.0177315,2229.2828,1945.0004,104982.2651
0.027448,-0.00366179,-0.0187817,2234.2823,1949.9999,104991.3895
0.0268848,-0.00371274,-0.0186037,2239.2832,1955.0008,105002.2033
0.0248611,-0.00352796,-0.0172443,2244.282,1959.9996,105148.8978
0.0280368,-0.00381646,-0.0187062,2249.2829,1965.0005,104985.1562
0.0260862,-0.0036073,-0.0177852,2254.2828,1970.0004,104989.7503
0.0266909,-0.00366613,-0.0181959,2259.2826,1975.0002,105050.9543
0.0282402,-0.00381806,-0.0188073,2264.283,1980.0006,104994.1798
0.0278062,-0.0038385,-0.018608,2269.2823,1984.9999,105151.5804
0.0257774,-0.00358623,-0.0174969,2274.283,1990.0006,104990.5064
0.0288454,-0.00386334,-0.0187463,2279.2824,1995,105098.14
0.0269137,-0.0037205,-0.0181273,2284.2829,2000.0005,105067.6742
0.0283602,-0.00377508,-0.0186261,2289.2818,2004.9994,105074.482
0.0279947,-0.00381989,-0.0187269,2294.2829,2010.0005,105239.7074
0.025947,-0.00362427,-0.0176459,2299.2826,2015.0002,105127.1351
0.0290485,-0.00390688,-0.0190965,2304.2823,2019.9999,105155.7958
0.0270364,-0.00374215,-0.017798,2309.2824,2025,105200.42
0.0283877,-0.00380333,-0.0185184,2314.2832,2030.0008,104996.74
0.0292289,-0.00401103,-0.0186178,2319.2828,2035.0004,105301.4086
0.027086,-0.00380558,-0.0180381,2324.2822,2039.9998,105349.274
0.0301232,-0.0040646,-0.019004,2329.282,2044.9996,105142.4831
0.0280902,-0.00388372,-0.0182797,2334.2831,2050.0007,105136.5947
0.0260474,-0.00360642,-0.0172708,2339.2831,2055.0007,105146.9983
0.0317129,-0.00428398,-0.0187561,2344.2826,2060.0002,105079.4866
0.0295033,-0.00411542,-0.01836,2349.2823,2064.9999,105236.7404
0.0273191,-0.00384831,-0.0175446,2354.2829,2070.0005,105180.075
0.0303932,-0.00410525,-0.0185423,2359.2825,2075.0001,105141.3273
0.0283795,-0.0039367,-0.0181192,2364.2825,2080.0001,105364.6993
0.0308365,-0.0040935,-0.0188918,2369.2826,2085.0002,105236.6893
0.0293213,-0.0040709,-0.0181651,2374.2829,2090.0005,105242.2591
0.0297764,-0.00407083,-0.0184393,2379.2825,2095.0001,105259.1665
0.0297767,-0.00400971,-0.0185725,2384.2824,2100,105118.41
0.030785,-0.00419904,-0.0185592,2389.2827,2105.0003,105460.0734
0.0285986,-0.00398423,-0.0178193,2394.2824,2110,105429.93
0.0315554,-0.00426778,-0.0186315,2399.2825,2115.0001,105195.5934
0.0294993,-0.00407427,-0.0181533,2404.2828,2120.0004,105248.527
0.0292816,-0.0039758,-0.0181366,2409.282,2124.9996,105200.3337
0.0329841,-0.00449284,-0.0188383,2414.282,2129.9996,105235.1299
0.0307104,-0.00429823,-0.0182276,2419.2821,2134.9997,105270.3467
0.0284907,-0.00400164,-0.0177177,2424.2827,2140.0003,105418.6092
0.0315433,-0.00430053,-0.0184331,2429.2825,2145.0001,105399.938
0.0294216,-0.00411155,-0.0180478,2434.282,2149.9996,105211.2036
0.0323513,-0.00437448,-0.0189201,2439.2833,2155.0009,105375.9893
0.0303164,-0.00418481,-0.0181062,2444.2828,2160.0004,105231.705
0.0331659,-0.00451373,-0.0187051,2449.2826,2165.0002,105392.7707
0.030935,-0.00432796,-0.0178974,2454.2829,2170.0005,105298.4453
0.0304974,-0.00416456,-0.0180886,2459.2826,2175.0002,105254.8246
0.0317372,-0.0043767,-0.0182241,2464.282,2179.9996,105433.7897
0.029567,-0.00414203,-0.0175497,2469.2828,2185.0004,105408.7121
0.0324701,-0.00448688,-0.0185533,2474.2824,2190,105231.22
0.030321,-0.0042285,-0.0179026,2479.2822,2194.9998,105388.0098
0.0307785,-0.00427635,-0.0183878,2484.2826,2200.0002,105368.4864
0.0337124,-0.00458092,-0.0186209,2489.2829,2205.0005,105513.7291
0.0315126,-0.00439827,-0.0181426,2494.2819,2209.9995,105334.4472
0.0308548,-0.00425519,-0.0179574,2499.2824,2215,105477.71
0.0322672,-0.0044327,-0.0182478,2504.283,2220.0006,105364.513
0.0339262,-0.00452435,-0.0188342,2509.2823,2224.9999,105465.266
0.0328639,-0.00460012,-0.0185332,2514.2822,2229.9998,105408.1074
0.0306146,-0.00434034,-0.0178435,2519.2824,2235,105447.83
0.0335498,-0.00463404,-0.0184732,2524.2826,2240.0002,105462.4932
0.0312824,-0.00440881,-0.0179072,2529.283,2245.0006,105369.7141
0.0341713,-0.00468935,-0.0186279,2534.2825,2250.0001,105489.5275
0.0319531,-0.00448028,-0.017924,2539.2825,2255.0001,105388.5071
0.0347688,-0.00473576,-0.0186893,2544.2829,2260.0005,105584.7903
0.0326001,-0.00457052,-0.0181032,2549.2825,2265.0001,105606.8864
0.0341238,-0.00459197,-0.0186196,2554.2823,2269.9999,105433.361
0.0332258,-0.00462722,-0.0181115,2559.2828,2275.0004,105573.9121
0.0309832,-0.00437908,-0.0175942,2564.2823,2279.9999,105400.0554
0.0365242,-0.0050056,-0.0186207,2569.2818,2284.9994,105673.5799
0.0342116,-0.00480266,-0.018256,2574.2829,2290.0005,105707.7823
0.0330652,-0.00463207,-0.0180714,2579.2828,2295.0004,105483.8936
0.0346896,-0.00487529,-0.0181722,2584.2819,2299.9995,105518.7626
0.0324323,-0.00456758,-0.0178191,2589.2829,2305.0005,105448.752
0.0378539,-0.0051818,-0.0186407,2594.2822,2309.9998,105441.5848
0.0354322,-0.00500483,-0.0182203,2599.2826,2315.0002,105472.6736
0.0330622,-0.00469216,-0.0175865,2604.2824,2320,105614.595
0.0358845,-0.00495894,-0.0183861,2609.2827,2325.0003,105579.1194
0.0336428,-0.00477192,-0.0183678,2614.2825,2330.0001,105591.3542
0.0340853,-0.00475347,-0.0178298,2619.2828,2335.0004,105614.1253
0.0344531,-0.00477593,-0.017724,2624.2831,2340.0007,105633.3883
0.0372401,-0.0050969,-0.0183558,2629.2821,2344.9997,105649.498
0.0348915,-0.0049241,-0.0179115,2634.2825,2350.0001,105556.1662
0.0375577,-0.00510819,-0.0183211,2639.2825,2355.0001,105640.0371
0.0353533,-0.00497163,-0.0180952,2644.2824,2360,105593.46
0.0379572,-0.00520121,-0.0183028,2649.282,2364.9996,105672.4269
0.0357422,-0.00502563,-0.0180413,2654.2826,2370.0002,105524.5353
0.0366317,-0.00503704,-0.0181476,2659.2829,2375.0005,105665.2427
0.0361634,-0.0050846,-0.0178526,2664.283,2380.0006,105533.6891
0.0370047,-0.00507572,-0.0182598,2669.2824,2385,105751.25
0.0366077,-0.00512389,-0.0180868,2674.2825,2390.0001,105679.2252
0.0350475,-0.00492715,-0.0178101,2679.2825,2395.0001,105768.321
0.0369697,-0.00518598,-0.0179319,2684.2821,2399.9997,105689.8623
0.0354667,-0.00495877,-0.0180285,2689.2828,2405.0004,105782.0027
0.0383697,-0.00532899,-0.0180522,2694.283,2410.0006,105696.8055
0.0359955,-0.0050956,-0.0177202,2699.2823,2414.9999,105695.3471
0.0386527,-0.00539495,-0.0182248,2704.2828,2420.0004,105698.2642
0.0362846,-0.00516557,-0.0177476,2709.2827,2425.0003,105735.9982
0.0389697,-0.00543293,-0.0184533,2714.2823,2429.9999,105919.7702
0.0365955,-0.00519916,-0.0176894,2719.2823,2434.9999,105748.4254
0.0392434,-0.00544045,-0.018238,2724.2824,2440,105601.02
0.0368834,-0.00529052,-0.0176953,2729.2824,2445,105832.5733
0.0416707,-0.00573067,-0.0181501,2734.2828,2450.0004,105710.2986
0.039821,-0.00563921,-0.0179301,2739.2823,2454.9999,105850.7093
0.0372495,-0.00535238,-0.0174364,2744.2827,2460.0003,105734.8842
0.0394655,-0.00543877,-0.0176798,2749.2823,2464.9999,105856.6684
0.0401398,-0.00565846,-0.0177379,2754.2825,2470.0001,105733.2089
0.0376502,-0.00537395,-0.0172976,2759.2822,2474.9998,105861.2273
0.0403213,-0.00566556,-0.017742,2764.2827,2480.0003,105729.7793
0.0378547,-0.00538332,-0.0173832,2769.2824,2485,105862.83
0.0404761,-0.00569904,-0.0179221,2774.2826,2490.0002,105724.2088
0.0380413,-0.00543514,-0.0174368,2779.2829,2495.0005,105861.6785
0.0406458,-0.00575866,-0.0177018,2784.2826,2500.0002,105745.0545
0.0381756,-0.00548349,-0.017403,2789.2819,2504.9995,105859.0771
0.0408079,-0.00579108,-0.0178381,2794.2827,2510.0003,105876.7963
0.0384118,-0.00547796,-0.017236,2799.2832,2515.0008,105968.1687
0.0410275,-0.00578367,-0.0177468,2804.2827,2520.0003,105962.4344
0.0385325,-0.00553467,-0.0175296,2809.2824,2525,105881.66
0.0411821,-0.00581565,-0.0176081,2814.2824,2530,105915.21
0.0409996,-0.00580344,-0.0174587,2819.2825,2535.0001,105859.0127
0.043588,-0.00609848,-0.0179396,2824.2828,2540.0004,105905.0975
0.0411166,-0.00586815,-0.017309,2829.2829,2545.0005,105925.8175
0.0431286,-0.00596564,-0.0178667,2834.2829,2550.0005,105922.5096
0.0411871,-0.00593153,-0.0173669,2839.2828,2555.0004,105922.5417
0.0431607,-0.00597648,-0.017624,2844.2821,2559.9997,105902.0298
0.0413152,-0.0059012,-0.0172776,2849.2825,2565.0001,105940.1382
0.0437726,-0.00615897,-0.0177027,2854.2823,2569.9999,106074.5366
0.0413686,-0.00593115,-0.0172176,2859.2823,2574.9999,105892.0157
0.0438616,-0.00616344,-0.0175551,2864.2831,2580.0007,105995.9298
0.0414051,-0.00595318,-0.0170853,2869.2828,2585.0004,105882.9071
0.045765,-0.00635797,-0.0176643,2874.2829,2590.0005,106015.9602
0.0440565,-0.00635248,-0.0175824,2879.2825,2595.0001,105872.1445
0.04141,-0.00598682,-0.0170585,2884.2829,2600.0005,105990.2286
0.044017,-0.00627646,-0.0171906,2889.2831,2605.0007,105848.5557
0.0433318,-0.00611657,-0.0171902,2894.2828,2610.0004,106120.3623
0.0439914,-0.00628562,-0.0171194,2899.2831,2615.0007,106025.514
0.0432316,-0.00615469,-0.0170643,2904.2828,2620.0004,105910.3997
0.0439727,-0.00630909,-0.0172346,2909.2828,2625.0004,105925.0427
0.043166,-0.00615661,-0.0171305,2914.2825,2630.0001,105944.1036
0.046516,-0.00665144,-0.017057,2919.2824,2635,105943.94
0.0438565,-0.00639616,-0.0168456,2924.282,2639.9996,105961.1766
0.0453492,-0.006439,-0.0171881,2929.2824,2645,106124.43
0.043855,-0.00631909,-0.0169129,2934.2826,2650.0002,105944.0877
0.0462851,-0.00654133,-0.0171183,2939.2821,2654.9997,106057.1356
0.0437976,-0.00635234,-0.0171434,2944.2822,2659.9998,106094.4647
0.0478654,-0.00665934,-0.0171322,2949.2826,2665.0002,105868.1879
0.0463353,-0.00669825,-0.0168007,2954.2829,2670.0005,106093.6464
0.0436992,-0.00631495,-0.0167931,2959.2829,2675.0005,106066.2595
0.0486925,-0.00688522,-0.0170361,2964.2826,2680.0002,105848.8168
0.0461795,-0.00667842,-0.0168056,2969.2826,2685.0002,106100.7817
0.0435071,-0.00627507,-0.0163955,2974.2825,2690.0001,106017.045
0.0485834,-0.00691415,-0.0168354,2979.2831,2695.0007,105884.8407
0.0459532,-0.00667554,-0.0165333,2984.2826,2700.0002,106108.4378
0.0448623,-0.00639622,-0.01654,2989.2825,2705.0001,105963.4543
0.0484034,-0.0069357,-0.0168409,2994.2829,2710.0005,105977.6205
0.0457401,-0.00665219,-0.0164605,2999.2827,2715.0003,106096.5066
0.0470284,-0.00661623,-0.0165294,3004.2829,2720.0005,105931.9599
0.0482412,-0.00693501,-0.0166055,3009.2822,2724.9998,106022.5369
0.0455357,-0.00660911,-0.0163783,3014.2824,2730,106084.62
0.0492423,-0.0069178,-0.0167073,3019.2826,2735.0002,105870.2463
0.048007,-0.0069287,-0.0165664,3024.2831,2740.0007,106080.9878
0.0453215,-0.00657628,-0.0162494,3029.283,2745.0006,106052.6042
0.0503273,-0.0070824,-0.0167462,3034.2826,2750.0002,105855.5297
0.0478271,-0.00690259,-0.0165389,3039.2822,2754.9998,105943.8127
0.0450937,-0.00656283,-0.0162733,3044.2823,2759.9999,106010.7445
0.0502099,-0.00718714,-0.016722,3049.2823,2764.9999,106002.7815
0.047606,-0.00692159,-0.0166409,3054.2826,2770.0002,105885.5064
0.0461985,-0.0066086,-0.0164275,3059.2825,2775.0001,106127.3586
0.0475451,-0.00685063,-0.0168367,3064.2822,2779.9998,105996.0796
0.0499195,-0.00707968,-0.0169669,3069.2819,2784.9995,105980.0597
0.0474515,-0.00689034,-0.0165895,3074.2826,2790.0002,106118.4053
0.048391,-0.00687094,-0.0168638,3079.2825,2795.0001,105933.1738
0.0498998,-0.00726067,-0.0169723,3084.2828,2800.0004,106060.0903
0.0472337,-0.00690534,-0.0165692,3089.2826,2805.0002,106094.4567
0.0505868,-0.00717656,-0.0172322,3094.2822,2809.9998,105902.726
0.0496231,-0.00726559,-0.0168741,3099.2828,2815.0004,105990.3824
0.0468869,-0.00691087,-0.0166558,3104.2828,2820.0004,106060.8876
0.0519681,-0.00736079,-0.0171407,3109.2827,2825.0003,105853.525
0.0494405,-0.00725596,-0.0167614,3114.2826,2830.0002,106081.8858
0.0466739,-0.00686047,-0.0164351,3119.2823,2834.9999,106065.4231
0.0518763,-0.00739873,-0.0170095,3124.2824,2840,105875.33
0.0494111,-0.00722602,-0.0165764,3129.2828,2845.0004,105976.8054
0.0466599,-0.00683976,-0.0163495,3134.2818,2849.9994,105956.572
0.052029,-0.00750464,-0.0167296,3139.2827,2855.0003,106020.2916
0.0494044,-0.00723606,-0.0165996,3144.2828,2860.0004,105847.1564
0.0476866,-0.0069113,-0.0164982,3149.2826,2865.0002,106129.1326
0.049462,-0.0071897,-0.0163563,3154.2822,2869.9998,106061.5254
0.0502021,-0.00717692,-0.0168903,3159.2831,2875.0007,105843.5203
0.0495171,-0.00726917,-0.0166679,3164.2822,2879.9998,106106.5742
0.0478428,-0.00692075,-0.0164846,3169.2825,2885.0001,106021.1751
0.0523121,-0.00758635,-0.0166119,3174.2825,2890.0001,105917.9026
0.0495945,-0.00729215,-0.0165898,3179.2825,2895.0001,105945.1084
0.047751,-0.00691008,-0.0162292,3184.2823,2899.9999,105974.387
0.0522546,-0.00760071,-0.0167636,3189.2827,2905.0003,105983.5085
0.0495931,-0.00729478,-0.0165196,3194.2827,2910.0003,105971.1344
0.0500863,-0.00719009,-0.0164149,3199.283,2915.0006,105977.7557
0.0496334,-0.00722631,-0.0161623,3204.283,2920.0006,105982.5108
0.0521271,-0.00745429,-0.0166916,3209.2828,2925.0004,105965.5534
0.0497092,-0.00724063,-0.0163295,3214.2823,2929.9999,105902.5977
0.0521135,-0.00748448,-0.0166668,3219.2826,2935.0002,106117.6595
0.0496954,-0.00729766,-0.0163407,3224.2828,2940.0004,105980.3092
0.0521776,-0.00743603,-0.016572,3229.2828,2945.0004,105950.6818
0.0497408,-0.00725914,-0.0164703,3234.2832,2950.0008,105932.3872
0.050153,-0.00716079,-0.0164171,3239.2825,2955.0001,106012.7413
0.0524167,-0.00765211,-0.0164968,3244.2826,2960.0002,105944.4807
0.0496921,-0.00731985,-0.0162118,3249.2832,2965.0008,106016.627
0.052133,-0.00748011,-0.0165242,3254.2829,2970.0005,105933.8464
0.049735,-0.00727092,-0.0163086,3259.2826,2975.0002,106006.0313
0.0522644,-0.00757964,-0.0167198,3264.2826,2980.0002,105917.5652
0.0497294,-0.00730175,-0.016235,3269.2825,2985.0001,105996.7405
0.0523077,-0.00755614,-0.0164523,3274.2823,2989.9999,105924.252
0.0497275,-0.0073052,-0.0162592,3279.2821,2994.9997,105982.5656
0.0523179,-0.00751963,-0.0165978,3284.2828,3000.0004,105912.991
0.0497593,-0.0072804,-0.0163994,3289.2829,3005.0005,105907.6808
0.0522956,-0.00754915,-0.0165031,3294.2827,3010.0003,105941.8081
0.0497327,-0.00729687,-0.0160508,3299.2826,3015.0002,105969.5178
0.0523076,-0.00755296,-0.0164509,3304.2822,3019.9998,106139.7507
0.0497665,-0.00728529,-0.0161756,3309.2829,3025.0005,105969.1503
0.0523171,-0.0075686,-0.0163621,3314.2827,3030.0003,105960.2432
0.0497877,-0.00727798,-0.0161194,3319.2825,3035.0001,106094.9141
0.0548337,-0.00786516,-0.0163161,3324.2832,3040.0008,105915.1963
0.0523954,-0.00774974,-0.0163644,3329.2819,3044.9995,106030.0487
0.0496267,-0.00735095,-0.0161005,3334.2829,3050.0005,106108.7451
0.054693,-0.00783062,-0.0164512,3339.2828,3055.0004,105905.1049
0.0523033,-0.00767932,-0.0162242,3344.2827,3060.0003,106003.1457
0.0495306,-0.00730265,-0.0159432,3349.2831,3065.0007,106064.3579
0.0547734,-0.00794386,-0.0163024,3354.2825,3070.0001,105855.8589
0.0521378,-0.00773901,-0.0161018,3359.2827,3075.0003,106082.1445
0.0493488,-0.00731621,-0.0159214,3364.2828,3080.0004,106056.7121
0.0546383,-0.00791731,-0.0160868,3369.2826,3085.0002,105872.6442
0.0520319,-0.00768894,-0.0160354,3374.2827,3090.0003,106122.3539
0.0493793,-0.00725897,-0.0157579,3379.2827,3095.0003,106055.6959
0.0545726,-0.00797722,-0.01617,3384.2826,3100.0002,105915.4704
0.0518251,-0.00774228,-0.0160696,3389.2829,3105.0005,105965.6133
0.0515889,-0.00747792,-0.01582,3394.2825,3110.0001,105988.9231
0.0544514,-0.00802514,-0.0161164,3399.283,3115.0006,105978.636
0.0517113,-0.00767475,-0.0157726,3404.2822,3119.9998,105892.6005
0.0538873,-0.00776161,-0.0161286,3409.2824,3125,106127.2
0.0516866,-0.00762258,-0.0158086,3414.2826,3130.0002,105990.6647
0.0542132,-0.00784715,-0.016222,3419.2819,3134.9995,105847.971
0.0516204,-0.00762954,-0.0160072,3424.2825,3140.0001,106088.6895
0.0537738,-0.00771056,-0.0160978,3429.2829,3145.0005,105966.3134
0.0542482,-0.00802249,-0.0160359,3434.2825,3150.0001,105949.2485
0.0514825,-0.00762712,-0.0157332,3439.2823,3154.9999,106106.6005
0.0535623,-0.00767846,-0.0159791,3444.2826,3160.0002,105934.0682
0.0540733,-0.00798982,-0.0159579,3449.2824,3165,106059.33
0.0513406,-0.00760024,-0.0155722,3454.2829,3170.0005,106105.4223
0.0559715,-0.00806536,-0.0160805,3459.2822,3174.9998,105891.0519
0.0539303,-0.00798872,-0.015827,3464.2822,3179.9998,105985.6104
0.0511492,-0.00756082,-0.0155699,3469.2822,3184.9998,105882.5702
0.0563515,-0.00822262,-0.0158952,3474.2821,3189.9997,106020.8493
0.0537172,-0.0079664,-0.015594,3479.2827,3195.0003,105857.1258
0.0509167,-0.00756118,-0.0155002,3484.2832,3200.0008,106086.1932
0.0536245,-0.00785401,-0.0157338,3489.2826,3205.0002,106073.5919
0.0530301,-0.00768898,-0.0158041,3494.2821,3209.9997,105885.1144
0.0535825,-0.00789204,-0.0156735,3499.2828,3215.0004,105977.3153
0.0508635,-0.00752122,-0.0155896,3504.2828,3220.0004,105949.3113
0.0561277,-0.00824863,-0.0159906,3509.2823,3224.9999,106007.1409
0.0534311,-0.00795172,-0.015626,3514.283,3230.0006,105937.4303
0.0526332,-0.00767629,-0.0155346,3519.2826,3235.0002,105996.1339
0.0533426,-0.00785711,-0.0157099,3524.2827,3240.0003,105913.0825
0.0550911,-0.00793865,-0.0156945,3529.2829,3245.0005,105978.7041
0.0532748,-0.00789169,-0.0156928,3534.282,3249.9996,105910.1215
0.0549839,-0.00793654,-0.0157825,3539.2825,3255.0001,105965.3567
0.0532783,-0.00786712,-0.0155721,3544.2821,3259.9997,105909.4342
0.0549127,-0.00792099,-0.015696,3549.2829,3265.0005,105954.4023
0.0532001,-0.00787534,-0.0154843,3554.2827,3270.0003,105874.4448
0.0548191,-0.00792922,-0.0157212,3559.2827,3275.0003,106135.7094
0.0531504,-0.00787238,-0.0157271,3564.2821,3279.9997,106021.3134
0.0547485,-0.00788931,-0.0155453,3569.2822,3284.9998,105868.8139
0.05316,-0.00782743,-0.0155581,3574.2822,3289.9998,106098.0279
0.0547058,-0.00786266,-0.0158092,3579.2827,3295.0003,105967.7839
0.055749,-0.00826796,-0.0156158,3584.2823,3299.9999,105970.7314
0.0529401,-0.00786532,-0.0154793,3589.2829,3305.0005,106109.3753
0.0544079,-0.00784324,-0.015626,3594.2829,3310.0005,105931.6153
0.055536,-0.00823815,-0.0156041,3599.283,3315.0006,105901.2241
0.0527896,-0.0078452,-0.0152947,3604.283,3320.0006,106074.1692
0.0568076,-0.0081823,-0.0157258,3609.2825,3325.0001,105909.4642
0.0553644,-0.00818109,-0.0155184,3614.2828,3330.0004,106017.6411
0.0525301,-0.00783811,-0.0152427,3619.2829,3335.0005,106081.4744
0.0565114,-0.00818325,-0.015615,3624.2822,3339.9998,105875.9016
0.0551487,-0.00823219,-0.015578,3629.2822,3344.9998,106083.4074
0.0523691,-0.00781919,-0.0152517,3634.2819,3349.9995,106069.4061
0.0575652,-0.00838671,-0.0157009,3639.2831,3355.0007,105883.3643
0.0550034,-0.00818567,-0.0148692,3644.2829,3360.0005,105978.1495
0.052168,-0.00776251,-0.0150605,3649.2823,3364.9999,105912.4974
0.0574252,-0.00847329,-0.0155152,3654.2824,3370,105997.71
0.0547215,-0.00820067,-0.01541,3659.2829,3375.0005,105918.078
0.0533664,-0.00787919,-0.0154481,3664.282,3379.9996,105985.1676
0.0546114,-0.00811136,-0.0153565,3669.2832,3385.0008,105916.1417
0.0557627,-0.00810873,-0.0155931,3674.2828,3390.0004,105970.747
0.0545431,-0.00811783,-0.0152759,3679.2825,3395.0001,105900.874
0.0556047,-0.00812041,-0.0154399,3684.2828,3400.0004,105956.5838
0.0544608,-0.00812527,-0.0152661,3689.2824,3405,105875.46
0.0555022,-0.00809359,-0.0153218,3694.2816,3409.9992,106136.4153
0.0543762,-0.00809726,-0.0151904,3699.2829,3415.0005,106018.4408
0.0554687,-0.00805902,-0.0152319,3704.283,3420.0006,105869.4483
0.0543742,-0.00806358,-0.0151925,3709.283,3425.0006,106096.1656
0.0553594,-0.00804062,-0.0153147,3714.2828,3430.0004,105966.7986
0.0569458,-0.00848092,-0.0153881,3719.2828,3435.0004,105967.8208
0.0541636,-0.00810655,-0.0150785,3724.2826,3440.0002,106106.7681
0.0550521,-0.0080081,-0.015243,3729.2822,3444.9998,105929.8507
0.0567074,-0.00845029,-0.0154332,3734.2823,3449.9999,105898.236
0.0539387,-0.00809601,-0.0150305,3739.2823,3454.9999,106233.819
0.0573765,-0.00835139,-0.0154378,3744.2822,3459.9998,106147.6381
0.0564703,-0.00847258,-0.0151242,3749.2824,3465,105885.66
0.0536772,-0.00809554,-0.0153391,3754.2825,3470.0001,106071.5125
0.0570448,-0.00828857,-0.0153628,3759.2823,3474.9999,106044.9632
0.0590366,-0.00880529,-0.0152326,3764.2831,3480.0007,105853.7231
0.0561732,-0.00846366,-0.015091,3769.2826,3485.0002,105945.0177
0.0532678,-0.00801772,-0.0149781,3774.2823,3489.9999,105916.3442
0.0544261,-0.00822296,-0.0148338,3786.8235,3502.5411,106090.5461
0.0542898,-0.00814786,-0.0148879,3806.8218,3522.5394,106070.93
0.0591154,-0.00874132,-0.0152506,3826.8224,3542.54,105835.5858
0.0562731,-0.00844475,-0.0149164,3846.822,3562.5396,106107.7386
0.0553105,-0.00805418,-0.0148141,3866.8226,3582.5402,105979.5521
0.0583793,-0.00870062,-0.0149032,3886.8218,3602.5394,105917.3569
0.0580428,-0.00854526,-0.0149065,3906.8226,3622.5402,105925.1262
0.0578215,-0.00851534,-0.0148744,3926.8226,3642.5402,106118.8842
0.0602631,-0.00884517,-0.0149118,3946.8219,3662.5395,105891.7598
0.0573788,-0.00857195,-0.0147259,3966.8224,3682.54,105966.7888
0.0557801,-0.00822342,-0.0144736,3986.8221,3702.5397,105980.4304
0.0579721,-0.00851877,-0.0146373,4006.8222,3722.5398,105862.7932
0.0564552,-0.00850786,-0.0145552,4026.8219,3742.5395,106106.3994
0.0597446,-0.00875861,-0.0147613,4046.8226,3762.5402,105996.1176
0.0557887,-0.00835708,-0.0142912,4066.8219,3782.5395,106085.6285
0.0555563,-0.00835044,-0.0145754,4086.8222,3802.5398,106059.2566
0.0604144,-0.00904395,-0.0146316,4106.8222,3822.5398,105887.6163
0.0574615,-0.00868085,-0.0143747,4126.8221,3842.5397,105939.0343
0.057216,-0.00860854,-0.0144239,4146.822,3862.5396,105997.2514
0.0596143,-0.00901581,-0.0144815,4166.8222,3882.5398,106004.8406
0.0564541,-0.00856434,-0.0144116,4186.8221,3902.5397,105872.6346
0.0587772,-0.00878747,-0.0144091,4206.8226,3922.5402,105861.0249
0.0585748,-0.00880033,-0.0143467,4226.8224,3942.54,105909.9648
0.0583596,-0.00878525,-0.0143186,4246.8224,3962.54,105967.2826
0.0581285,-0.00875663,-0.0142508,4266.8225,3982.5401,106017.6083
0.0605023,-0.00910847,-0.0145014,4286.8224,4002.54,105941.3606
0.0600556,-0.00895142,-0.0143918,4306.8227,4022.5403,106116.1724
0.0622619,-0.00920234,-0.0145679,4326.8225,4042.5401,105890.0199
0.0594642,-0.00902644,-0.0141411,4346.822,4062.5396,105952.2561
0.0563275,-0.0085161,-0.0139556,4366.8227,4082.5403,106131.0755
0.0585723,-0.00864449,-0.0141596,4386.8218,4102.5394,105980.0894
0.0609235,-0.00926056,-0.0142227,4406.8223,4122.5399,105950.4612
0.0578067,-0.00880205,-0.013995,4426.8226,4142.5402,105980.2743
0.0575196,-0.00873993,-0.0139043,4446.8225,4162.5401,106002.3514
0.0572443,-0.00868315,-0.0138981,4466.8224,4182.54,106013.3506
0.0590275,-0.00878274,-0.0141768,4486.8225,4202.5401,105895.8298
0.0592867,-0.00900779,-0.0140018,4506.8221,4222.5397,105936.0098
0.0589604,-0.00895214,-0.0140829,4526.8221,4242.5397,106086.0713
0.0600849,-0.00892733,-0.0139655,4546.8222,4262.5398,105945.6639
0.0606486,-0.00929127,-0.0140067,4566.8227,4282.5403,105967.4609
0.0574698,-0.00875294,-0.0137684,4586.8224,4302.54,105979.7459
0.0587676,-0.00884903,-0.0139191,4606.8223,4322.5399,105904.3916
0.0594369,-0.0091419,-0.013685,4626.8221,4342.5397,105855.0814
0.0591033,-0.00899549,-0.0138413,4646.8218,4362.5394,105918.2315
0.0611426,-0.00917349,-0.0139352,4666.8228,4382.5404,106123.0244
0.0635205,-0.00954851,-0.014032,4686.8215,4402.5391,105875.1385
0.0605203,-0.00928463,-0.0138541,4706.822,4422.5396,106086.9965
0.0584848,-0.00883257,-0.0137249,4726.8221,4442.5397,105915.6338
0.0595923,-0.00904826,-0.0137081,4746.8225,4462.5401,105951.586
0.0617942,-0.00925151,-0.0139646,4766.8218,4482.5394,105930.9355
0.0615896,-0.00925168,-0.0136655,4786.8225,4502.5401,105986.7952
0.0585118,-0.00893365,-0.0135105,4806.8225,4522.5401,106057.0932
0.0632312,-0.00958405,-0.0138958,4826.8226,4542.5402,105971.6815
0.0607587,-0.00903232,-0.0138444,4846.8226,4562.5402,105849.4593
0.059843,-0.00916972,-0.013703,4866.822,4582.5396,105909.2738
0.0618462,-0.00939266,-0.0138066,4886.8219,4602.5395,106089.4918
0.0639693,-0.00957423,-0.0138513,4906.8217,4622.5393,105984.7369
0.0589979,-0.0089342,-0.0135539,4926.8224,4642.54,105847.7713
0.0607028,-0.00936566,-0.0135306,4946.8225,4662.5401,105947.0646
0.0624798,-0.00938929,-0.0137632,4966.8214,4682.539,106096.2016
0.0621769,-0.00928963,-0.0136401,4986.8222,4702.5398,105980.4038
0.0593543,-0.0090474,-0.0134009,5006.8228,4722.5404,105867.9068
0.0615081,-0.00952649,-0.0134568,5026.8217,4742.5393,105979.1691
0.0606365,-0.00916155,-0.0134147,5046.8219,4762.5395,106119.0802
0.0603435,-0.0091078,-0.0134439,5066.8224,4782.54,105997.2354
0.0631791,-0.00973292,-0.013501,5086.8226,4802.5402,105976.4977
0.0601832,-0.00931668,-0.0133821,5106.822,4822.5396,106018.6032
0.0600511,-0.00924988,-0.01336,5126.8223,4842.5399,105925.995
0.0625541,-0.00965726,-0.0135435,5146.8226,4862.5402,105995.6056
0.059481,-0.00916557,-0.0132524,5166.8217,4882.5393,106088.0722
0.0644715,-0.00986329,-0.0137619,5186.822,4902.5396,105863.603
0.0615656,-0.0094308,-0.0133434,5206.8224,4922.54,105965.2954
0.0626664,-0.00931714,-0.013403,5226.8217,4942.5393,105978.442
0.0637154,-0.00940112,-0.0134093,5246.8226,4962.5402,105953.6545
0.0635523,-0.00938722,-0.013567,5266.8226,4982.5402,105965.0027
0.0634562,-0.00942424,-0.0134765,5286.822,5002.5396,105964.1224
0.060414,-0.00907544,-0.0131611,5306.8226,5022.5402,105989.7453
0.0601747,-0.00900532,-0.013263,5326.8224,5042.54,106018.8204
0.0611479,-0.0090595,-0.0132172,5346.8221,5062.5397,105878.9721
0.0622764,-0.00942724,-0.0132628,5366.8222,5082.5398,105959.0608
0.0625091,-0.00927107,-0.0133187,5386.8219,5102.5395,105949.7108
0.0639293,-0.00953874,-0.0132797,5406.8217,5122.5393,105960.0027
0.063757,-0.009554,-0.0133559,5426.8222,5142.5398,106126.7433
0.065997,-0.00989204,-0.0133973,5446.8227,5162.5403,105896.7789
0.0630386,-0.00967739,-0.0132246,5466.8219,5182.5395,105961.5237
0.0605358,-0.00916108,-0.0130633,5486.8224,5202.54,105968.1716
0.0625572,-0.00940826,-0.0131934,5506.8227,5222.5403,105857.058
0.0618756,-0.00950809,-0.0132678,5526.8226,5242.5402,106098.6568
0.06415,-0.00958104,-0.013194,5546.8222,5262.5398,105989.8979
0.06101,-0.00934801,-0.0130166,5566.8224,5282.54,105963.1856
0.060766,-0.00927279,-0.0129582,5586.8219,5302.5395,106005.7822
0.0608262,-0.00921636,-0.0129665,5606.8222,5322.5398,106012.4723
0.0627814,-0.00940302,-0.0130492,5626.8218,5342.5394,105895.7297
0.0624627,-0.00964301,-0.0131111,5646.8218,5362.5394,105938.8716
0.0620942,-0.00953471,-0.0130585,5666.8217,5382.5393,106091.919
0.0638407,-0.00954505,-0.0130716,5686.8222,5402.5398,105910.363
0.0638609,-0.00987265,-0.0131367,5706.8219,5422.5395,105873.9341
0.0634194,-0.0097479,-0.0129889,5726.8218,5442.5394,105917.5891
0.06318,-0.00965337,-0.013021,5746.8219,5462.5395,105868.6028
0.0628663,-0.00963035,-0.0130062,5766.8223,5482.5399,106070.601
0.0616308,-0.00933352,-0.0129145,5786.8219,5502.5395,105997.723
0.0646205,-0.00996842,-0.0130524,5806.822,5522.5396,105929.5275
0.064252,-0.00973678,-0.0128116,5826.822,5542.5396,105997.5755
0.0611142,-0.00940922,-0.0128792,5846.8227,5562.5403,106073.7354
0.0660185,-0.0100433,-0.0130715,5866.8225,5582.5401,105981.7194
0.0644088,-0.00956137,-0.0129235,5886.8217,5602.5393,106123.9551
0.0639918,-0.00958214,-0.0130051,5906.8226,5622.5402,105977.5519
0.0649664,-0.00990381,-0.0130107,5926.8219,5642.5395,105954.6368
0.0618162,-0.00937319,-0.0128058,5946.8222,5662.5398,105979.1422
0.0615392,-0.00933185,-0.012704,5966.8222,5682.5398,106005.5678
0.0625108,-0.00934612,-0.0128586,5986.822,5702.5396,106101.188
0.0621478,-0.00926867,-0.0127515,6006.8223,5722.5399,106011.7655
0.0657891,-0.00998518,-0.0128746,6026.8223,5742.5399,105920.6129
0.0625682,-0.00959673,-0.0126764,6046.8227,5762.5403,105896.2166
0.0646376,-0.00973188,-0.012794,6066.8223,5782.5399,106089.1238
0.0670315,-0.0101316,-0.0129232,6086.8219,5802.5395,105857.9371
0.063899,-0.00977091,-0.0127968,6106.8224,5822.54,105936.9058
0.0639226,-0.00935112,-0.0127173,6126.8223,5842.5399,105861.426
0.0636302,-0.0094091,-0.0129553,6146.8224,5862.54,105932.3622
0.0657797,-0.00940983,-0.0129154,6166.8228,5882.5404,106093.6068
0.0659683,-0.00937746,-0.0126469,6186.8229,5902.5405,105986.525
0.0627956,-0.00910913,-0.0124319,6206.8216,5922.5392,106011.2282
0.0628552,-0.00906262,-0.0125744,6226.8222,5942.5398,106092.9366
0.0623165,-0.00905368,-0.0125594,6246.8225,5962.5401,105998.8252
0.066824,-0.00981215,-0.0126759,6266.8218,5982.5394,105921.3169
0.0635621,-0.00944317,-0.0125357,6286.8226,6002.5402,106073.0501
0.0678332,-0.00993486,-0.0127324,6306.8222,6022.5398,105867.2778
0.0650148,-0.00983133,-0.0127031,6326.8227,6042.5403,106098.9977
0.063917,-0.00942821,-0.0125636,6346.8217,6062.5393,105953.1495
0.0665124,-0.0100766,-0.012757,6366.8225,6082.5401,105957.0599
0.0631141,-0.00953818,-0.012402,6386.8222,6102.5398,105905.0427
0.0653243,-0.00982985,-0.012596,6406.8222,6122.5398,105868.1257
0.0649365,-0.00977692,-0.0124669,6426.8221,6142.5397,105934.7883
0.0659171,-0.00986486,-0.0124831,6446.8225,6162.5401,106109.3878
0.0680461,-0.0101745,-0.0127754,6466.8227,6182.5403,105934.3081
0.0659669,-0.0101185,-0.0125712,6486.8217,6202.5393,106042.3474
0.062648,-0.009536,-0.0121161,6506.8216,6222.5392,105974.5417
0.0647981,-0.00991521,-0.0123879,6526.822,6242.5396,106013.8375
0.0669985,-0.0103032,-0.012493,6546.8221,6262.5397,105958.3218
0.0636117,-0.00982553,-0.012234,6566.8225,6282.5401,106066.6647
0.0632183,-0.00970052,-0.0122054,6586.8224,6302.54,106033.6564
0.067851,-0.0103683,-0.0125059,6606.8221,6322.5397,105872.6292
0.0646642,-0.0100178,-0.0124001,6626.8227,6342.5403,106090.0861
0.0675024,-0.0101386,-0.0125332,6646.822,6362.5396,105894.718
0.066102,-0.0102554,-0.0123476,6666.8219,6382.5395,106074.3539
0.0637584,-0.00971259,-0.0122524,6686.8216,6402.5392,105997.4277
0.0674613,-0.0104688,-0.012408,6706.8215,6422.5391,105939.5923
0.0668773,-0.0103129,-0.0123115,6726.8223,6442.5399,105894.9736
0.0664169,-0.0102148,-0.0122358,6746.822,6462.5396,105886.3573
0.0660478,-0.0101528,-0.0123022,6766.8216,6482.5392,106051.7302
0.0681998,-0.0105162,-0.0123632,6786.8228,6502.5404,105952.0496
0.0674184,-0.0102086,-0.012306,6806.8221,6522.5397,106096.7706
0.0672146,-0.010141,-0.0123574,6826.8215,6542.5391,105976.8645
0.0640293,-0.00985443,-0.0121645,6846.8227,6562.5403,105889.2596
0.0661388,-0.0102812,-0.0123028,6866.8218,6582.5394,105874.6601
0.0656217,-0.0101141,-0.0122125,6886.8225,6602.5401,106062.7093
0.064797,-0.00983442,-0.0121553,6906.8217,6622.5393,105927.9877
0.0669857,-0.0104251,-0.0123228,6926.8221,6642.5397,106031.0007
0.0636854,-0.00986773,-0.0120171,6946.8216,6662.5392,106022.8037
0.0683961,-0.0105716,-0.0122676,6966.8219,6682.5395,105936.626
0.0652553,-0.0101918,-0.0121231,6986.8218,6702.5394,105898.5341
0.0673824,-0.0103246,-0.0122571,7006.8221,6722.5397,106088.6919
0.0691122,-0.0104865,-0.0122872,7026.8219,6742.5395,105995.2081
0.0641753,-0.00993238,-0.0119936,7046.8221,6762.5397,105858.0527
0.0664218,-0.0104348,-0.0121204,7066.8228,6782.5404,106094.2439
0.0649733,-0.00998319,-0.0121234,7086.8228,6802.5404,106034.4439
0.0654055,-0.0101581,-0.0120362,7106.8224,6822.54,105985.479
0.0649985,-0.0101174,-0.0119594,7126.822,6842.5396,106002.0065
0.0646229,-0.0100413,-0.012025,7146.8218,6862.5394,105876.7983
0.0666906,-0.0103455,-0.0121218,7166.8227,6882.5403,105860.3392
0.0663462,-0.0102909,-0.0121562,7186.8226,6902.5402,106047.5302
0.0645187,-0.00991568,-0.0119827,7206.8217,6922.5393,105978.8622
0.0679502,-0.0106041,-0.012159,7226.8225,6942.5401,105988.3285
0.0646737,-0.0101316,-0.0118871,7246.8224,6962.54,106059.2054
0.0693193,-0.0107752,-0.0122638,7266.8227,6982.5403,105878.3614
0.0661181,-0.0104177,-0.0120006,7286.8215,7002.5391,105906.0845
0.0679083,-0.0104936,-0.0120868,7306.8223,7022.5399,105893.4518
0.0675869,-0.0104778,-0.0120801,7326.8215,7042.5391,105900.8606
0.0672601,-0.0104312,-0.012065,7346.822,7062.5396,105901.35
0.0668266,-0.0104364,-0.0120835,7366.8222,7082.5398,105996.4431
0.0672144,-0.0102874,-0.0120298,7386.8215,7102.5391,105949.1323
0.0666758,-0.0101971,-0.0120177,7406.8223,7122.5399,106125.4954
0.0686621,-0.0104903,-0.0121427,7426.8227,7142.5403,105911.8891
0.067849,-0.0106711,-0.011905,7446.8222,7162.5398,105875.8448
0.06728,-0.0105355,-0.0121017,7466.8223,7182.5399,105900.0591
0.0668552,-0.0104531,-0.011839,7486.8223,7202.5399,106014.8011
0.0689928,-0.010826,-0.0120427,7506.8221,7222.5397,105918.5158
0.0683037,-0.0105844,-0.0120215,7526.8221,7242.5397,105973.3236
0.0651884,-0.0102573,-0.011884,7546.8228,7262.5404,105927.3622
0.0670662,-0.0103902,-0.0120306,7566.8225,7282.5401,106073.1894
0.0644585,-0.0100325,-0.011732,7586.8222,7302.5398,105999.3852
0.0664938,-0.0103831,-0.0119394,7606.8225,7322.5401,105948.9657
0.0686126,-0.0108083,-0.0120237,7626.8226,7342.5402,106050.3372
0.0651841,-0.0103089,-0.0115864,7646.8219,7362.5395,106022.5505
0.0697607,-0.0109657,-0.0120773,7666.822,7382.5396,105924.8634
0.0664727,-0.0105618,-0.0118632,7686.8215,7402.5391,106068.6203
0.0700247,-0.0108461,-0.0120977,7706.8225,7422.5401,105855.6214
0.0677338,-0.0107701,-0.0119553,7726.8223,7442.5399,106080.4146
0.0660927,-0.0102823,-0.0117574,7746.8228,7462.5404,105982.8953
0.0689614,-0.0109454,-0.0120172,7766.822,7482.5396,105982.0512
0.0656268,-0.010404,-0.0117772,7786.8224,7502.54,106043.43
0.0701433,-0.011051,-0.0120342,7806.8218,7522.5394,105860.8324
0.066879,-0.0106583,-0.0117349,7826.8219,7542.5395,106078.1047
0.0698655,-0.0108379,-0.0120157,7846.8224,7562.54,105885.0028
0.0681427,-0.0108753,-0.0118815,7866.8224,7582.54,106067.5164
0.0659685,-0.0103156,-0.0117555,7886.8224,7602.54,105978.1763
0.0693779,-0.0109939,-0.011875,7906.8225,7622.5401,105981.052
0.066006,-0.0104714,-0.0116913,7926.8221,7642.5397,106044.6745
0.0704776,-0.011118,-0.0119712,7946.8217,7662.5393,105857.0969
0.0672144,-0.0107377,-0.0117406,7966.8226,7682.5402,105906.7486
0.069049,-0.0108801,-0.0117702,7986.8222,7702.5398,105880.0571
0.0685654,-0.0108197,-0.0118613,8006.8222,7722.5398,105959.0629
0.0660107,-0.01039,-0.0117234,8026.822,7742.5396,105977.446
0.0697849,-0.0108898,-0.0118438,8046.8224,7762.54,106103.8606
0.0696495,-0.010792,-0.0117957,8066.8224,7782.54,105880.842
0.0667813,-0.0105118,-0.0116049,8086.8226,7802.5402,106071.6798
0.0709261,-0.0111442,-0.0118623,8106.8221,7822.5397,105961.7425
0.0678212,-0.0105571,-0.0117663,8126.8221,7842.5397,105951.1715
0.0695494,-0.0107927,-0.0118267,8146.8224,7862.54,106008.8798
0.0665315,-0.0106205,-0.0115602,8166.8225,7882.5401,106057.2793
0.0709646,-0.0111503,-0.0118199,8186.8221,7902.5397,105870.1031
0.0677195,-0.0108067,-0.0117174,8206.8222,7922.5398,106079.2117
0.0691239,-0.0107443,-0.011698,8226.8224,7942.54,105890.9378
0.0688825,-0.01102,-0.0117711,8246.8218,7962.5394,106065.8248
0.0654392,-0.0104214,-0.0114997,8266.8227,7982.5403,105979.4353
0.0700051,-0.0111492,-0.0117868,8286.8223,8002.5399,105974.0271
0.0666596,-0.0106444,-0.0115773,8306.8219,8022.5395,106037.3684
0.0710892,-0.0111665,-0.0118572,8326.8218,8042.5394,105966.8652
0.0695998,-0.0108678,-0.0118376,8346.8219,8062.5395,105928.8148
0.0698654,-0.0109676,-0.0117901,8366.8222,8082.5398,105938.237
0.0693911,-0.0109386,-0.0118036,8386.8223,8102.5399,105899.8733
0.0688746,-0.0108964,-0.0117388,8406.8223,8122.5399,105874.7054
0.0683802,-0.0108225,-0.0116756,8426.8224,8142.54,105954.1736
0.0688615,-0.010764,-0.0116151,8446.8223,8162.5399,105912.2781
0.0669042,-0.0107202,-0.0116212,8466.8215,8182.5391,105867.5025
0.0687795,-0.0109146,-0.0116885,8486.8219,8202.5395,105842.2981
0.0682494,-0.0108667,-0.0117111,8506.822,8222.5396,106076.0282
0.0684524,-0.0106987,-0.0116254,8526.8217,8242.5393,105925.1971
0.0694006,-0.0111136,-0.0116312,8546.8219,8262.5395,105968.7776
0.0670279,-0.0106117,-0.011513,8566.8223,8282.5399,106103.2457
0.0687149,-0.0107794,-0.0116026,8586.822,8302.5396,105949.5969
0.0697839,-0.011203,-0.0116581,8606.8224,8322.54,106028.8574
0.0663215,-0.0106314,-0.0114292,8626.8223,8342.5399,105940.9248
0.0682226,-0.0109371,-0.011586,8646.822,8362.5396,105957.7306
0.0701278,-0.0113016,-0.0116227,8666.8226,8382.5402,106041.3775
0.0666645,-0.0106967,-0.0114485,8686.8223,8402.5399,106015.0337
0.0710314,-0.0113786,-0.0116217,8706.8226,8422.5402,105900.391
0.0676642,-0.0108973,-0.0114719,8726.8222,8442.5398,106046.1234
0.07177,-0.0112966,-0.0117389,8746.8219,8462.5395,105968.3193
0.0688064,-0.0108503,-0.0115448,8766.822,8482.5396,105928.0776
0.0680371,-0.0109628,-0.0114138,8786.8217,8502.5393,106061.0254
0.072007,-0.0113462,-0.0116541,8806.8223,8522.5399,105894.3577
0.0689537,-0.0111309,-0.0115102,8826.8215,8542.5391,105985.4955
0.0707319,-0.0114468,-0.0115413,8846.8216,8562.5392,106058.1746
0.0672455,-0.0108595,-0.0113856,8866.8222,8582.5398,106006.5277
0.0715814,-0.0113897,-0.0116704,8886.8227,8602.5403,105931.8043
0.0684306,-0.0110779,-0.0115019,8906.8218,8622.5394,105947.9425
0.0707257,-0.0112424,-0.0115292,8926.8221,8642.5397,105898.4152
0.070274,-0.0111525,-0.0113546,8946.8227,8662.5403,106029.8261
0.0671066,-0.0106609,-0.0113585,8966.822,8682.5396,105949.7487
0.0691562,-0.0110123,-0.0114294,8986.8223,8702.5399,105933.6946
0.068634,-0.010913,-0.0114509,9006.8219,8722.5395,105914.5862
0.0703848,-0.0110673,-0.0114983,9026.822,8742.5396,105904.9778
0.0700146,-0.0110752,-0.0115548,9046.822,8762.5396,105878.1175
0.0694724,-0.0110106,-0.011504,9066.8218,8782.5394,106038.4899
0.0675281,-0.0105925,-0.0114134,9086.8218,8802.5394,105957.4981
0.0706265,-0.0113368,-0.011358,9106.8222,8822.5398,106034.5115
0.0671115,-0.0107281,-0.0112226,9126.8217,8842.5393,106010.7231
0.0715841,-0.0114619,-0.0115727,9146.8227,8862.5403,105896.1647
0.0681885,-0.0109828,-0.0113303,9166.8228,8882.5404,106048.8362
0.0724661,-0.0114681,-0.0115115,9186.8225,8902.5401,105968.017
0.0700726,-0.0110682,-0.0113714,9206.8221,8922.5397,105949.4755
0.0710999,-0.0112818,-0.0114727,9226.822,8942.5396,106107.4774
0.0729803,-0.0116349,-0.0115296,9246.8227,8962.5403,106102.3269
0.0680528,-0.0109321,-0.0112861,9266.8228,8982.5404,105941.1808
0.0689688,-0.0112335,-0.0112206,9286.822,9002.5396,106056.4676
0.0709811,-0.0113586,-0.0115751,9306.822,9022.5396,106022.26
0.0702813,-0.011313,-0.0114188,9326.8224,9042.54,105878.4318
0.0691909,-0.0113989,-0.0113647,9346.8217,9062.5393,106072.8634
0.0709515,-0.0114008,-0.0114194,9366.8221,9082.5397,105887.1148
0.0701528,-0.0115368,-0.0113604,9386.8216,9102.5392,105863.6388
0.0694131,-0.0114116,-0.0114855,9406.8223,9122.5399,106095.9689
0.0709769,-0.0114412,-0.0113654,9426.8225,9142.5401,105872.7809
0.0703055,-0.0116676,-0.0114201,9446.8225,9162.5401,105957.2822
0.0692445,-0.0112686,-0.0112852,9466.8226,9182.5402,105906.7812
0.0686474,-0.0114363,-0.0113212,9486.8222,9202.5398,105873.3891
0.0703844,-0.0115658,-0.011345,9506.822,9222.5396,106050.3296
0.066989,-0.0111004,-0.0111642,9526.822,9242.5396,105937.9446
0.0713478,-0.0117999,-0.011449,9546.8227,9262.5403,105890.8406
0.070636,-0.0116643,-0.0113832,9566.8222,9282.5398,106073.9955
0.0672461,-0.0111629,-0.0111745,9586.8227,9302.5403,105961.9258
0.0715292,-0.0118592,-0.0114726,9606.8226,9322.5402,105969.3493
0.0681951,-0.0113336,-0.0112351,9626.8221,9342.5397,105995.3523
0.0692664,-0.0113409,-0.0112574,9646.8227,9362.5403,105898.454
0.0693132,-0.0115702,-0.011276,9666.8226,9382.5402,105975.2862
0.0710681,-0.0118859,-0.011352,9686.8225,9402.5401,106092.9885
0.0728027,-0.0120408,-0.0114333,9706.8227,9422.5403,105966.7636
0.0706839,-0.0115412,-0.0114205,9726.822,9442.5396,105930.1781
0.0712256,-0.0116352,-0.0114285,9746.8224,9462.54,105900.6516
0.0706465,-0.0115972,-0.0115023,9766.8221,9482.5397,105868.085
0.0700434,-0.0115392,-0.0113338,9786.8222,9502.5398,105887.1985
0.0694716,-0.0114963,-0.0112728,9806.8221,9522.5397,105918.7232
0.070943,-0.0116245,-0.0113796,9826.822,9542.5396,105970.9649
0.0677825,-0.0112937,-0.0110964,9846.8226,9562.5402,105901.3172
0.0695764,-0.0116236,-0.0113055,9866.8218,9582.5394,105975.738
0.0713373,-0.0119367,-0.0113462,9886.822,9602.5396,105960.3772
0.0678533,-0.0113325,-0.0111257,9906.8221,9622.5397,106077.0855
0.067934,-0.0112178,-0.0111468,9926.8226,9642.5402,105975.9698
0.0714416,-0.0119215,-0.0114102,9946.8217,9662.5393,105972.3329
0.0680167,-0.0113622,-0.0111732,9966.8224,9682.54,106086.5576
0.0679557,-0.0112361,-0.0110947,9986.8226,9702.5402,105990.1443
0.0715789,-0.0119245,-0.0113997,10006.8217,9722.5393,105979.4316
0.0681407,-0.0113881,-0.0111735,10026.8223,9742.5399,105847.6415
0.0698918,-0.0117591,-0.0112197,10046.8219,9762.5395,106104.3948
0.0713573,-0.0116688,-0.0113402,10066.822,9782.5396,105881.0476
0.0706703,-0.0118457,-0.0112514,10086.8217,9802.5393,105962.701
0.0695131,-0.0114574,-0.0113178,10106.8218,9822.5394,105903.6165
0.0691666,-0.0114854,-0.0112048,10126.823,9842.5406,105961.4695
0.0687426,-0.0114591,-0.0111408,10146.8218,9862.5394,106049.5728
0.0681047,-0.0113035,-0.0111615,10166.8219,9882.5395,106010.9229
0.0722491,-0.011961,-0.0113388,10186.8217,9902.5393,105963.7294
0.0688606,-0.0115241,-0.0111785,10206.8227,9922.5403,106048.4924
0.0681916,-0.0113661,-0.0111546,10226.8222,9942.5398,106025.8965
0.0722955,-0.0120099,-0.0113029,10246.8221,9962.5397,105965.8078
0.068956,-0.0115222,-0.0111676,10266.8223,9982.5399,105891.2441
0.0682594,-0.0113649,-0.0112701,10286.8223,10002.5399,106047.8868
0.0725283,-0.0119177,-0.0113513,10306.8225,10022.5401,105994.0296
0.0717584,-0.0118072,-0.0112228,10326.8223,10042.5399,105911.1201
0.0685367,-0.0114687,-0.0111166,10346.8223,10062.5399,106049.0522
0.072608,-0.011937,-0.0113559,10366.8222,10082.5398,105959.3353
0.0706289,-0.0115521,-0.0112577,10386.8219,10102.5395,106117.0199
0.0722763,-0.0117697,-0.011349,10406.8227,10122.5403,105906.2482
0.0703892,-0.0117673,-0.0112398,10426.8225,10142.5401,106051.3828
0.0680234,-0.0112414,-0.0109894,10446.8219,10162.5395,105956.1732
0.0710853,-0.0119174,-0.0112301,10466.8226,10182.5402,106024.4049
0.0675719,-0.0113019,-0.0109704,10486.8224,10202.54,105940.3672
0.0693275,-0.011578,-0.0111159,10506.8226,10222.5402,106053.0946
0.0714154,-0.0116781,-0.0112598,10526.8217,10242.5393,105869.6369
0.0700304,-0.0117758,-0.0111419,10546.8218,10262.5394,105933.4651
0.071414,-0.0117649,-0.0112211,10566.8221,10282.5397,105904.1767
0.0708603,-0.0117801,-0.0111977,10586.8218,10302.5394,105863.7829
0.0701996,-0.0116639,-0.0111515,10606.8221,10322.5397,105954.5326
0.0695518,-0.0115741,-0.011207,10626.8219,10342.5395,105970.1381
0.0688469,-0.011452,-0.0110478,10646.8221,10362.5397,105896.0226
0.0706263,-0.0117797,-0.0111732,10666.8221,10382.5397,106044.2715
0.0674376,-0.0111967,-0.0110064,10686.8227,10402.5403,105948.9467
0.071259,-0.011904,-0.0112297,10706.8224,10422.54,105976.0892
0.0679075,-0.011318,-0.0109481,10726.8224,10442.54,105967.227
0.0717155,-0.0117327,-0.0111959,10746.8223,10462.5399,105889.5375
0.068601,-0.0115246,-0.0110749,10766.8225,10482.5401,105909.5679
0.0703069,-0.011708,-0.011081,10786.8224,10502.54,105954.8446
0.0697266,-0.0116044,-0.0111573,10806.8219,10522.5395,105992.2527
0.0692185,-0.0115427,-0.0111388,10826.8217,10542.5393,106007.7351
0.0687061,-0.0114297,-0.011048,10846.8225,10562.5401,106005.9675
0.0681561,-0.0113512,-0.0109466,10866.8223,10582.5399,105982.3359
0.0693915,-0.0114154,-0.0110911,10886.8227,10602.5403,105900.752
0.0694335,-0.0116184,-0.011078,10906.8219,10622.5395,105910.5226
0.0710943,-0.0116744,-0.0111718,10926.8225,10642.5401,105893.8932
0.0682295,-0.0114069,-0.0110329,10951.2063,10666.9239,106081.9831
0.0713931,-0.0117835,-0.0111574,11071.2065,10786.9241,105949.0832
0.0718036,-0.0118514,-0.0112182,11191.2064,10906.924,105898.5166
0.0699591,-0.011782,-0.0110835,11311.2055,11026.9231,105969.5566
0.0702388,-0.0116115,-0.0110537,11431.206,11146.9236,105922.0577
0.0700248,-0.0118181,-0.0111634,11551.2058,11266.9234,106076.1687
0.0703114,-0.0117752,-0.0110459,11671.2055,11386.9231,105977.4964
0.0727996,-0.0122215,-0.0112641,11791.2057,11506.9233,106119.8864
0.0691591,-0.0115772,-0.0110376,11911.2058,11626.9234,105949.2915
0.0710448,-0.0116869,-0.0111533,12031.2059,11746.9235,105905.5654
0.073118,-0.0120206,-0.0110306,12151.206,11866.9236,105959.5676
0.0700435,-0.0115078,-0.0109663,12271.2065,11986.9241,105934.7568
0.069197,-0.0113289,-0.0109671,12391.2059,12106.9235,105997.0631
0.0698459,-0.0115825,-0.010946,12511.2066,12226.9242,106001.0387
0.069011,-0.0115543,-0.0107952,12631.2062,12346.9238,106021.8136
0.073424,-0.012167,-0.0110955,12751.2059,12466.9235,105940.2439
0.0687744,-0.0115163,-0.0107288,12871.2052,12586.9228,106028.8043
0.071416,-0.0116715,-0.0109536,12991.2057,12706.9233,106101.4082
0.0720773,-0.0118364,-0.010903,13111.2054,12826.923,106093.6236
0.0723846,-0.0120953,-0.0110453,13231.2064,12946.924,105975.0577
0.0698038,-0.0116385,-0.0107963,13351.2058,13066.9234,105979.2224
0.072375,-0.011867,-0.0109768,13471.2058,13186.9234,105913.2024
0.0728797,-0.0120854,-0.0110294,13591.2062,13306.9238,106127.6261
0.0696777,-0.0114627,-0.0107138,13711.206,13426.9236,105993.3489
0.0693512,-0.0115003,-0.0106985,13831.2058,13546.9234,105947.1455
0.0686281,-0.0114492,-0.0106775,13951.206,13666.9236,106006.7312
0.0684372,-0.0113958,-0.0106622,14071.2063,13786.9239,105965.2548
0.0704946,-0.0118626,-0.0107946,14191.2063,13906.9239,105963.9987
0.0702416,-0.0118195,-0.0107543,14311.2058,14026.9234,105948.6754
0.0689532,-0.0116406,-0.0106108,14431.206,14146.9236,106027.6843
0.0700411,-0.011808,-0.0107872,14551.2058,14266.9234,105984.6246
0.0722082,-0.0120076,-0.0108225,14671.2062,14386.9238,105929.2084
0.0722907,-0.0118468,-0.0109429,14791.2057,14506.9233,105918.3435
0.0696565,-0.0117583,-0.0107222,14911.206,14626.9236,105863.8125
0.0719905,-0.0119627,-0.0109923,15031.2061,14746.9237,106057.3749
0.0717581,-0.0121216,-0.0108198,15151.2059,14866.9235,106043.3263
0.0691369,-0.01156,-0.0107491,15271.2064,14986.924,105935.5774
0.0708271,-0.0116667,-0.0107414,15391.2063,15106.9239,105936.6624
0.0706341,-0.0118017,-0.0107587,15511.2062,15226.9238,105969.1907
0.0702193,-0.0118238,-0.0107494,15631.2059,15346.9235,105962.318
0.0699483,-0.0117608,-0.0107027,15751.2064,15466.924,105893.2427
0.073898,-0.0122826,-0.01089,15871.206,15586.9236,105864.8924
0.0726488,-0.012216,-0.0108165,15991.2055,15706.9231,106032.7425
0.0736321,-0.0122339,-0.0108499,16111.2061,15826.9237,105872.5394
0.0737216,-0.0121591,-0.0109165,16231.2065,15946.9241,105875.6409
0.0734336,-0.0122447,-0.0108075,16351.206,16066.9236,105957.7487
0.0725053,-0.0119135,-0.010788,16471.2055,16186.9231,105849.1552
0.0689075,-0.0115163,-0.0104901,16591.2053,16306.9229,106020.0684
0.0711095,-0.0118007,-0.0107038,16711.2061,16426.9237,105933.3003
0.070954,-0.0118977,-0.0106302,16831.2063,16546.9239,106101.3689
0.0706774,-0.0117198,-0.0106738,16951.2054,16666.923,105964.316
0.0688795,-0.0113806,-0.0104983,17071.2062,16786.9238,105930.3697
0.0719677,-0.0120913,-0.0107076,17191.2062,16906.9238,105937.4262
0.0711814,-0.0118007,-0.0106724,17311.2055,17026.9231,105911.7993
0.0732883,-0.0120774,-0.0107436,17431.2058,17146.9234,105942.0649
0.0706991,-0.0116708,-0.0106347,17551.2067,17266.9243,105960.2528
0.0702155,-0.0116674,-0.0105882,17671.2059,17386.9235,106075.1913
0.0716952,-0.0117416,-0.0106599,17791.2056,17506.9232,105881.338
0.071462,-0.0119091,-0.0106587,17911.206,17626.9236,106065.1264
0.0701516,-0.0117742,-0.0105734,18031.2058,17746.9234,106102.8552
0.071423,-0.0117698,-0.0106905,18151.206,17866.9236,106049.112
0.0700209,-0.0117102,-0.0105238,18271.2066,17986.9242,106052.7393
0.0720662,-0.0117056,-0.0107104,18391.2064,18106.924,105927.807
0.0709985,-0.0117455,-0.0106203,18511.2056,18226.9232,105866.5268
0.0686859,-0.011484,-0.0104498,18631.2059,18346.9235,106051.4668
0.0681592,-0.0113682,-0.0104347,18751.2061,18466.9237,105894.1335
0.0713335,-0.0116483,-0.0104849,18871.2056,18586.9232,105908.8563
0.0693514,-0.0115484,-0.0106348,18991.2062,18706.9238,105889.7898
0.0687519,-0.0114998,-0.010492,19111.2057,18826.9233,105938.4593
0.0727947,-0.0121155,-0.0106367,19231.2062,18946.9238,105944.8098
0.0690271,-0.0115206,-0.010426,19351.2059,19066.9235,105984.3331
0.0702458,-0.0118044,-0.0105838,19471.206,19186.9236,106083.0059
0.068738,-0.0114994,-0.0105124,19591.2056,19306.9232,105961.4416
0.0700685,-0.0117039,-0.0105737,19711.2053,19426.9229,106015.9787
0.0736442,-0.0120698,-0.0107767,19831.2057,19546.9233,105850.3484
0.0700718,-0.0117583,-0.0105809,19951.206,19666.9236,105959.5775
0.0732968,-0.0121315,-0.0106643,20071.2058,19786.9234,105935.8364
0.0699164,-0.0116453,-0.0105073,20191.2064,19906.924,105927.0298
0.069178,-0.0117092,-0.0105196,20311.2058,20026.9234,106028.1101
0.0700689,-0.0118696,-0.010468,20431.2065,20146.9241,105864.8133
0.0737033,-0.012259,-0.0107146,20551.206,20266.9236,105892.7453
0.0720324,-0.0121716,-0.0106806,20671.2061,20386.9237,105858.738
0.0704285,-0.0118563,-0.0105655,20791.2061,20506.9237,106008.8865
0.0733032,-0.012291,-0.0106959,20911.206,20626.9236,106036.7473
0.0715287,-0.0119887,-0.0106966,21031.2057,20746.9233,105933.5386
0.0722772,-0.0119312,-0.0106251,21151.2059,20866.9235,105890.5299
0.0706883,-0.0117074,-0.01053,21271.2063,20986.9239,105933.4363
0.069527,-0.0117012,-0.0105011,21391.2054,21106.923,105917.1567
0.0708269,-0.0116553,-0.0105762,21511.2062,21226.9238,105866.6506
0.0723207,-0.0121438,-0.0107161,21631.2062,21346.9238,105989.1639
